[{"model": "admin.logentry", "pk": 1, "fields": {"action_time": "2025-08-12T00:29:49.788Z", "user": 1, "content_type": 18, "object_id": "1", "object_repr": "My Buisness", "action_flag": 1, "change_message": "[{\"added\": {}}]"}}, {"model": "admin.logentry", "pk": 2, "fields": {"action_time": "2025-08-12T00:30:34.778Z", "user": 1, "content_type": 4, "object_id": "2", "object_repr": "test", "action_flag": 1, "change_message": "[{\"added\": {}}]"}}, {"model": "admin.logentry", "pk": 3, "fields": {"action_time": "2025-08-12T00:32:29.835Z", "user": 1, "content_type": 18, "object_id": "2", "object_repr": "Test Buisness", "action_flag": 1, "change_message": "[{\"added\": {}}]"}}, {"model": "admin.logentry", "pk": 4, "fields": {"action_time": "2025-08-12T00:33:45.474Z", "user": 1, "content_type": 19, "object_id": "1", "object_repr": "ameb8 - Test Buisness", "action_flag": 1, "change_message": "[{\"added\": {}}]"}}, {"model": "admin.logentry", "pk": 5, "fields": {"action_time": "2025-08-12T03:22:54.289Z", "user": 1, "content_type": 11, "object_id": "1", "object_repr": "Test", "action_flag": 1, "change_message": "[{\"added\": {}}]"}}, {"model": "admin.logentry", "pk": 6, "fields": {"action_time": "2025-08-15T18:19:45.386Z", "user": 1, "content_type": 18, "object_id": "3", "object_repr": "Candle Co", "action_flag": 1, "change_message": "[{\"added\": {}}]"}}, {"model": "admin.logentry", "pk": 7, "fields": {"action_time": "2025-08-15T18:21:11.086Z", "user": 1, "content_type": 18, "object_id": "4", "object_repr": "Cat Treats", "action_flag": 1, "change_message": "[{\"added\": {}}]"}}, {"model": "admin.logentry", "pk": 8, "fields": {"action_time": "2025-08-16T08:45:31.334Z", "user": 1, "content_type": 28, "object_id": "1", "object_repr": "Free", "action_flag": 1, "change_message": "[{\"added\": {}}]"}}, {"model": "admin.logentry", "pk": 9, "fields": {"action_time": "2025-08-16T08:46:45.110Z", "user": 1, "content_type": 27, "object_id": "2", "object_repr": "Test Buisness's subscription", "action_flag": 1, "change_message": "[{\"added\": {}}]"}}, {"model": "admin.logentry", "pk": 10, "fields": {"action_time": "2025-08-17T09:14:47.731Z", "user": 1, "content_type": 18, "object_id": "2", "object_repr": "Test Buisness", "action_flag": 2, "change_message": "[{\"changed\": {\"fields\": [\"Color primary\", \"Color secondary\", \"Color accent\"]}}]"}}, {"model": "admin.logentry", "pk": 11, "fields": {"action_time": "2025-08-17T17:27:37.997Z", "user": 1, "content_type": 18, "object_id": "2", "object_repr": "Test Buisness", "action_flag": 2, "change_message": "[{\"changed\": {\"fields\": [\"Color primary\"]}}]"}}, {"model": "admin.logentry", "pk": 12, "fields": {"action_time": "2025-08-17T17:28:22.285Z", "user": 1, "content_type": 18, "object_id": "2", "object_repr": "Test Buisness", "action_flag": 2, "change_message": "[{\"changed\": {\"fields\": [\"Color primary\"]}}]"}}, {"model": "admin.logentry", "pk": 13, "fields": {"action_time": "2025-08-17T19:01:20.159Z", "user": 1, "content_type": 18, "object_id": "3", "object_repr": "Candle Co", "action_flag": 2, "change_message": "[{\"changed\": {\"fields\": [\"Image\", \"Color primary\", \"Color secondary\", \"Domain\"]}}]"}}, {"model": "admin.logentry", "pk": 14, "fields": {"action_time": "2025-08-17T19:02:05.469Z", "user": 1, "content_type": 27, "object_id": "3", "object_repr": "Candle Co's subscription", "action_flag": 1, "change_message": "[{\"added\": {}}]"}}, {"model": "admin.logentry", "pk": 15, "fields": {"action_time": "2025-08-17T19:02:45.301Z", "user": 1, "content_type": 18, "object_id": "3", "object_repr": "Candle Co", "action_flag": 2, "change_message": "[{\"changed\": {\"fields\": [\"Slug\"]}}]"}}, {"model": "admin.logentry", "pk": 16, "fields": {"action_time": "2025-08-17T19:03:28.385Z", "user": 1, "content_type": 18, "object_id": "3", "object_repr": "Candle Co", "action_flag": 2, "change_message": "[]"}}, {"model": "admin.logentry", "pk": 17, "fields": {"action_time": "2025-08-18T02:35:06.657Z", "user": 1, "content_type": 27, "object_id": "4", "object_repr": "My Buisness's subscription", "action_flag": 1, "change_message": "[{\"added\": {}}]"}}, {"model": "admin.logentry", "pk": 18, "fields": {"action_time": "2025-08-18T02:35:46.610Z", "user": 1, "content_type": 27, "object_id": "5", "object_repr": "Cat Treats's subscription", "action_flag": 1, "change_message": "[{\"added\": {}}]"}}, {"model": "admin.logentry", "pk": 19, "fields": {"action_time": "2025-08-20T07:54:02.369Z", "user": 1, "content_type": 18, "object_id": "3", "object_repr": "Candle Co", "action_flag": 2, "change_message": "[{\"changed\": {\"fields\": [\"Stripe account id\"]}}]"}}, {"model": "admin.logentry", "pk": 20, "fields": {"action_time": "2025-08-21T19:19:49.394Z", "user": 1, "content_type": 28, "object_id": "2", "object_repr": "Basic", "action_flag": 1, "change_message": "[{\"added\": {}}]"}}, {"model": "admin.logentry", "pk": 21, "fields": {"action_time": "2025-08-21T19:20:05.041Z", "user": 1, "content_type": 28, "object_id": "3", "object_repr": "Premium", "action_flag": 1, "change_message": "[{\"added\": {}}]"}}, {"model": "admin.logentry", "pk": 22, "fields": {"action_time": "2025-08-22T20:56:54.051Z", "user": 1, "content_type": 28, "object_id": "3", "object_repr": "Premium", "action_flag": 2, "change_message": "[{\"changed\": {\"fields\": [\"Stripe price id\"]}}]"}}, {"model": "admin.logentry", "pk": 23, "fields": {"action_time": "2025-08-23T03:30:19.051Z", "user": 1, "content_type": 28, "object_id": "3", "object_repr": "Premium", "action_flag": 2, "change_message": "[{\"changed\": {\"fields\": [\"Stripe price id\"]}}]"}}, {"model": "admin.logentry", "pk": 24, "fields": {"action_time": "2025-08-23T03:41:00.590Z", "user": 1, "content_type": 28, "object_id": "2", "object_repr": "Basic", "action_flag": 2, "change_message": "[{\"changed\": {\"fields\": [\"Stripe price id\"]}}]"}}, {"model": "admin.logentry", "pk": 25, "fields": {"action_time": "2025-08-23T03:46:02.592Z", "user": 1, "content_type": 28, "object_id": "1", "object_repr": "Free", "action_flag": 2, "change_message": "[{\"changed\": {\"fields\": [\"Stripe price id\"]}}]"}}, {"model": "admin.logentry", "pk": 26, "fields": {"action_time": "2025-08-23T20:00:50.185Z", "user": 1, "content_type": 28, "object_id": "3", "object_repr": "Premium", "action_flag": 2, "change_message": "[{\"changed\": {\"fields\": [\"Stripe price id\"]}}]"}}, {"model": "admin.logentry", "pk": 27, "fields": {"action_time": "2025-08-23T20:02:03.410Z", "user": 1, "content_type": 28, "object_id": "2", "object_repr": "Basic", "action_flag": 2, "change_message": "[{\"changed\": {\"fields\": [\"Stripe price id\"]}}]"}}, {"model": "admin.logentry", "pk": 28, "fields": {"action_time": "2025-08-23T20:02:53.014Z", "user": 1, "content_type": 28, "object_id": "1", "object_repr": "Free", "action_flag": 2, "change_message": "[{\"changed\": {\"fields\": [\"Stripe price id\"]}}]"}}, {"model": "admin.logentry", "pk": 29, "fields": {"action_time": "2025-08-24T07:42:07.661Z", "user": 1, "content_type": 27, "object_id": "5", "object_repr": "Cat Treats's subscription", "action_flag": 3, "change_message": ""}}, {"model": "admin.logentry", "pk": 30, "fields": {"action_time": "2025-08-24T07:52:09.842Z", "user": 1, "content_type": 27, "object_id": "3", "object_repr": "Candle Co's subscription", "action_flag": 3, "change_message": ""}}, {"model": "admin.logentry", "pk": 31, "fields": {"action_time": "2025-08-25T17:35:33.947Z", "user": 1, "content_type": 23, "object_id": "1", "object_repr": "ImageList object (1)", "action_flag": 1, "change_message": "[{\"added\": {}}]"}}, {"model": "admin.logentry", "pk": 32, "fields": {"action_time": "2025-08-25T17:35:38.225Z", "user": 1, "content_type": 23, "object_id": "2", "object_repr": "ImageList object (2)", "action_flag": 1, "change_message": "[{\"added\": {}}]"}}, {"model": "admin.logentry", "pk": 33, "fields": {"action_time": "2025-08-25T17:36:18.057Z", "user": 1, "content_type": 22, "object_id": "1", "object_repr": "DesignImage object (1)", "action_flag": 1, "change_message": "[{\"added\": {}}]"}}, {"model": "admin.logentry", "pk": 34, "fields": {"action_time": "2025-08-25T17:37:25.184Z", "user": 1, "content_type": 25, "object_id": "1", "object_repr": "ImageInList object (1)", "action_flag": 1, "change_message": "[{\"added\": {}}]"}}, {"model": "admin.logentry", "pk": 35, "fields": {"action_time": "2025-08-25T17:38:54.424Z", "user": 1, "content_type": 24, "object_id": "1", "object_repr": "PageDesign object (1)", "action_flag": 1, "change_message": "[{\"added\": {}}]"}}, {"model": "admin.logentry", "pk": 36, "fields": {"action_time": "2025-08-25T17:45:09.935Z", "user": 1, "content_type": 24, "object_id": "1", "object_repr": "PageDesign object (1)", "action_flag": 2, "change_message": "[]"}}, {"model": "admin.logentry", "pk": 37, "fields": {"action_time": "2025-08-25T17:45:52.495Z", "user": 1, "content_type": 22, "object_id": "2", "object_repr": "DesignImage object (2)", "action_flag": 1, "change_message": "[{\"added\": {}}]"}}, {"model": "admin.logentry", "pk": 38, "fields": {"action_time": "2025-08-25T17:46:17.925Z", "user": 1, "content_type": 25, "object_id": "2", "object_repr": "ImageInList object (2)", "action_flag": 1, "change_message": "[{\"added\": {}}]"}}, {"model": "admin.logentry", "pk": 39, "fields": {"action_time": "2025-08-25T20:46:10.727Z", "user": 1, "content_type": 27, "object_id": "6", "object_repr": "Cat Treats's subscription", "action_flag": 1, "change_message": "[{\"added\": {}}]"}}, {"model": "admin.logentry", "pk": 40, "fields": {"action_time": "2025-08-28T07:38:13.632Z", "user": 1, "content_type": 27, "object_id": "7", "object_repr": "Test Buisness's subscription", "action_flag": 1, "change_message": "[{\"added\": {}}]"}}, {"model": "admin.logentry", "pk": 41, "fields": {"action_time": "2025-08-29T18:51:52.136Z", "user": 1, "content_type": 4, "object_id": "3", "object_repr": "Alexmeb81@outlook.com", "action_flag": 3, "change_message": ""}}, {"model": "admin.logentry", "pk": 42, "fields": {"action_time": "2025-09-01T00:20:58.196Z", "user": 1, "content_type": 4, "object_id": "5", "object_repr": "Alexmeb81@outlook.com", "action_flag": 2, "change_message": "[{\"changed\": {\"fields\": [\"First name\", \"Last name\"]}}]"}}, {"model": "admin.logentry", "pk": 43, "fields": {"action_time": "2025-09-01T07:27:35.953Z", "user": 1, "content_type": 21, "object_id": "1", "object_repr": "1, b", "action_flag": 1, "change_message": "[{\"added\": {}}]"}}, {"model": "admin.logentry", "pk": 44, "fields": {"action_time": "2025-09-01T07:30:13.636Z", "user": 1, "content_type": 10, "object_id": "2", "object_repr": "ameb8 — 1, b", "action_flag": 1, "change_message": "[{\"added\": {}}]"}}, {"model": "admin.logentry", "pk": 45, "fields": {"action_time": "2025-09-02T00:33:00.865Z", "user": 1, "content_type": 4, "object_id": "1", "object_repr": "ameb8", "action_flag": 2, "change_message": "[{\"changed\": {\"fields\": [\"Email address\"]}}]"}}, {"model": "auth.permission", "pk": 1, "fields": {"name": "Can add log entry", "content_type": 1, "codename": "add_logentry"}}, {"model": "auth.permission", "pk": 2, "fields": {"name": "Can change log entry", "content_type": 1, "codename": "change_logentry"}}, {"model": "auth.permission", "pk": 3, "fields": {"name": "Can delete log entry", "content_type": 1, "codename": "delete_logentry"}}, {"model": "auth.permission", "pk": 4, "fields": {"name": "Can view log entry", "content_type": 1, "codename": "view_logentry"}}, {"model": "auth.permission", "pk": 5, "fields": {"name": "Can add permission", "content_type": 2, "codename": "add_permission"}}, {"model": "auth.permission", "pk": 6, "fields": {"name": "Can change permission", "content_type": 2, "codename": "change_permission"}}, {"model": "auth.permission", "pk": 7, "fields": {"name": "Can delete permission", "content_type": 2, "codename": "delete_permission"}}, {"model": "auth.permission", "pk": 8, "fields": {"name": "Can view permission", "content_type": 2, "codename": "view_permission"}}, {"model": "auth.permission", "pk": 9, "fields": {"name": "Can add group", "content_type": 3, "codename": "add_group"}}, {"model": "auth.permission", "pk": 10, "fields": {"name": "Can change group", "content_type": 3, "codename": "change_group"}}, {"model": "auth.permission", "pk": 11, "fields": {"name": "Can delete group", "content_type": 3, "codename": "delete_group"}}, {"model": "auth.permission", "pk": 12, "fields": {"name": "Can view group", "content_type": 3, "codename": "view_group"}}, {"model": "auth.permission", "pk": 13, "fields": {"name": "Can add user", "content_type": 4, "codename": "add_user"}}, {"model": "auth.permission", "pk": 14, "fields": {"name": "Can change user", "content_type": 4, "codename": "change_user"}}, {"model": "auth.permission", "pk": 15, "fields": {"name": "Can delete user", "content_type": 4, "codename": "delete_user"}}, {"model": "auth.permission", "pk": 16, "fields": {"name": "Can view user", "content_type": 4, "codename": "view_user"}}, {"model": "auth.permission", "pk": 17, "fields": {"name": "Can add content type", "content_type": 5, "codename": "add_contenttype"}}, {"model": "auth.permission", "pk": 18, "fields": {"name": "Can change content type", "content_type": 5, "codename": "change_contenttype"}}, {"model": "auth.permission", "pk": 19, "fields": {"name": "Can delete content type", "content_type": 5, "codename": "delete_contenttype"}}, {"model": "auth.permission", "pk": 20, "fields": {"name": "Can view content type", "content_type": 5, "codename": "view_contenttype"}}, {"model": "auth.permission", "pk": 21, "fields": {"name": "Can add session", "content_type": 6, "codename": "add_session"}}, {"model": "auth.permission", "pk": 22, "fields": {"name": "Can change session", "content_type": 6, "codename": "change_session"}}, {"model": "auth.permission", "pk": 23, "fields": {"name": "Can delete session", "content_type": 6, "codename": "delete_session"}}, {"model": "auth.permission", "pk": 24, "fields": {"name": "Can view session", "content_type": 6, "codename": "view_session"}}, {"model": "auth.permission", "pk": 25, "fields": {"name": "Can add Token", "content_type": 7, "codename": "add_token"}}, {"model": "auth.permission", "pk": 26, "fields": {"name": "Can change Token", "content_type": 7, "codename": "change_token"}}, {"model": "auth.permission", "pk": 27, "fields": {"name": "Can delete Token", "content_type": 7, "codename": "delete_token"}}, {"model": "auth.permission", "pk": 28, "fields": {"name": "Can view Token", "content_type": 7, "codename": "view_token"}}, {"model": "auth.permission", "pk": 29, "fields": {"name": "Can add Token", "content_type": 8, "codename": "add_tokenproxy"}}, {"model": "auth.permission", "pk": 30, "fields": {"name": "Can change Token", "content_type": 8, "codename": "change_tokenproxy"}}, {"model": "auth.permission", "pk": 31, "fields": {"name": "Can delete Token", "content_type": 8, "codename": "delete_tokenproxy"}}, {"model": "auth.permission", "pk": 32, "fields": {"name": "Can view Token", "content_type": 8, "codename": "view_tokenproxy"}}, {"model": "auth.permission", "pk": 33, "fields": {"name": "Can add admin access request", "content_type": 9, "codename": "add_adminaccessrequest"}}, {"model": "auth.permission", "pk": 34, "fields": {"name": "Can change admin access request", "content_type": 9, "codename": "change_adminaccessrequest"}}, {"model": "auth.permission", "pk": 35, "fields": {"name": "Can delete admin access request", "content_type": 9, "codename": "delete_adminaccessrequest"}}, {"model": "auth.permission", "pk": 36, "fields": {"name": "Can view admin access request", "content_type": 9, "codename": "view_adminaccessrequest"}}, {"model": "auth.permission", "pk": 37, "fields": {"name": "Can add user address", "content_type": 10, "codename": "add_useraddress"}}, {"model": "auth.permission", "pk": 38, "fields": {"name": "Can change user address", "content_type": 10, "codename": "change_useraddress"}}, {"model": "auth.permission", "pk": 39, "fields": {"name": "Can delete user address", "content_type": 10, "codename": "delete_useraddress"}}, {"model": "auth.permission", "pk": 40, "fields": {"name": "Can view user address", "content_type": 10, "codename": "view_useraddress"}}, {"model": "auth.permission", "pk": 41, "fields": {"name": "Can add product", "content_type": 11, "codename": "add_product"}}, {"model": "auth.permission", "pk": 42, "fields": {"name": "Can change product", "content_type": 11, "codename": "change_product"}}, {"model": "auth.permission", "pk": 43, "fields": {"name": "Can delete product", "content_type": 11, "codename": "delete_product"}}, {"model": "auth.permission", "pk": 44, "fields": {"name": "Can view product", "content_type": 11, "codename": "view_product"}}, {"model": "auth.permission", "pk": 45, "fields": {"name": "Can add product images", "content_type": 12, "codename": "add_productimages"}}, {"model": "auth.permission", "pk": 46, "fields": {"name": "Can change product images", "content_type": 12, "codename": "change_productimages"}}, {"model": "auth.permission", "pk": 47, "fields": {"name": "Can delete product images", "content_type": 12, "codename": "delete_productimages"}}, {"model": "auth.permission", "pk": 48, "fields": {"name": "Can view product images", "content_type": 12, "codename": "view_productimages"}}, {"model": "auth.permission", "pk": 49, "fields": {"name": "Can add address", "content_type": 13, "codename": "add_address"}}, {"model": "auth.permission", "pk": 50, "fields": {"name": "Can change address", "content_type": 13, "codename": "change_address"}}, {"model": "auth.permission", "pk": 51, "fields": {"name": "Can delete address", "content_type": 13, "codename": "delete_address"}}, {"model": "auth.permission", "pk": 52, "fields": {"name": "Can view address", "content_type": 13, "codename": "view_address"}}, {"model": "auth.permission", "pk": 53, "fields": {"name": "Can add email alert", "content_type": 14, "codename": "add_emailalert"}}, {"model": "auth.permission", "pk": 54, "fields": {"name": "Can change email alert", "content_type": 14, "codename": "change_emailalert"}}, {"model": "auth.permission", "pk": 55, "fields": {"name": "Can delete email alert", "content_type": 14, "codename": "delete_emailalert"}}, {"model": "auth.permission", "pk": 56, "fields": {"name": "Can view email alert", "content_type": 14, "codename": "view_emailalert"}}, {"model": "auth.permission", "pk": 57, "fields": {"name": "Can add order", "content_type": 15, "codename": "add_order"}}, {"model": "auth.permission", "pk": 58, "fields": {"name": "Can change order", "content_type": 15, "codename": "change_order"}}, {"model": "auth.permission", "pk": 59, "fields": {"name": "Can delete order", "content_type": 15, "codename": "delete_order"}}, {"model": "auth.permission", "pk": 60, "fields": {"name": "Can view order", "content_type": 15, "codename": "view_order"}}, {"model": "auth.permission", "pk": 61, "fields": {"name": "Can add order item", "content_type": 16, "codename": "add_orderitem"}}, {"model": "auth.permission", "pk": 62, "fields": {"name": "Can change order item", "content_type": 16, "codename": "change_orderitem"}}, {"model": "auth.permission", "pk": 63, "fields": {"name": "Can delete order item", "content_type": 16, "codename": "delete_orderitem"}}, {"model": "auth.permission", "pk": 64, "fields": {"name": "Can view order item", "content_type": 16, "codename": "view_orderitem"}}, {"model": "auth.permission", "pk": 65, "fields": {"name": "Can add phone alert", "content_type": 17, "codename": "add_phonealert"}}, {"model": "auth.permission", "pk": 66, "fields": {"name": "Can change phone alert", "content_type": 17, "codename": "change_phonealert"}}, {"model": "auth.permission", "pk": 67, "fields": {"name": "Can delete phone alert", "content_type": 17, "codename": "delete_phonealert"}}, {"model": "auth.permission", "pk": 68, "fields": {"name": "Can view phone alert", "content_type": 17, "codename": "view_phonealert"}}, {"model": "auth.permission", "pk": 69, "fields": {"name": "Can add tenant", "content_type": 18, "codename": "add_tenant"}}, {"model": "auth.permission", "pk": 70, "fields": {"name": "Can change tenant", "content_type": 18, "codename": "change_tenant"}}, {"model": "auth.permission", "pk": 71, "fields": {"name": "Can delete tenant", "content_type": 18, "codename": "delete_tenant"}}, {"model": "auth.permission", "pk": 72, "fields": {"name": "Can view tenant", "content_type": 18, "codename": "view_tenant"}}, {"model": "auth.permission", "pk": 73, "fields": {"name": "Can add tenant admin", "content_type": 19, "codename": "add_tenantadmin"}}, {"model": "auth.permission", "pk": 74, "fields": {"name": "Can change tenant admin", "content_type": 19, "codename": "change_tenantadmin"}}, {"model": "auth.permission", "pk": 75, "fields": {"name": "Can delete tenant admin", "content_type": 19, "codename": "delete_tenantadmin"}}, {"model": "auth.permission", "pk": 76, "fields": {"name": "Can view tenant admin", "content_type": 19, "codename": "view_tenantadmin"}}, {"model": "auth.permission", "pk": 77, "fields": {"name": "Can add admin access request", "content_type": 20, "codename": "add_adminaccessrequest"}}, {"model": "auth.permission", "pk": 78, "fields": {"name": "Can change admin access request", "content_type": 20, "codename": "change_adminaccessrequest"}}, {"model": "auth.permission", "pk": 79, "fields": {"name": "Can delete admin access request", "content_type": 20, "codename": "delete_adminaccessrequest"}}, {"model": "auth.permission", "pk": 80, "fields": {"name": "Can view admin access request", "content_type": 20, "codename": "view_adminaccessrequest"}}, {"model": "auth.permission", "pk": 81, "fields": {"name": "Can add address", "content_type": 21, "codename": "add_address"}}, {"model": "auth.permission", "pk": 82, "fields": {"name": "Can change address", "content_type": 21, "codename": "change_address"}}, {"model": "auth.permission", "pk": 83, "fields": {"name": "Can delete address", "content_type": 21, "codename": "delete_address"}}, {"model": "auth.permission", "pk": 84, "fields": {"name": "Can view address", "content_type": 21, "codename": "view_address"}}, {"model": "auth.permission", "pk": 85, "fields": {"name": "Can add design image", "content_type": 22, "codename": "add_designimage"}}, {"model": "auth.permission", "pk": 86, "fields": {"name": "Can change design image", "content_type": 22, "codename": "change_designimage"}}, {"model": "auth.permission", "pk": 87, "fields": {"name": "Can delete design image", "content_type": 22, "codename": "delete_designimage"}}, {"model": "auth.permission", "pk": 88, "fields": {"name": "Can view design image", "content_type": 22, "codename": "view_designimage"}}, {"model": "auth.permission", "pk": 89, "fields": {"name": "Can add image list", "content_type": 23, "codename": "add_imagelist"}}, {"model": "auth.permission", "pk": 90, "fields": {"name": "Can change image list", "content_type": 23, "codename": "change_imagelist"}}, {"model": "auth.permission", "pk": 91, "fields": {"name": "Can delete image list", "content_type": 23, "codename": "delete_imagelist"}}, {"model": "auth.permission", "pk": 92, "fields": {"name": "Can view image list", "content_type": 23, "codename": "view_imagelist"}}, {"model": "auth.permission", "pk": 93, "fields": {"name": "Can add page design", "content_type": 24, "codename": "add_pagedesign"}}, {"model": "auth.permission", "pk": 94, "fields": {"name": "Can change page design", "content_type": 24, "codename": "change_pagedesign"}}, {"model": "auth.permission", "pk": 95, "fields": {"name": "Can delete page design", "content_type": 24, "codename": "delete_pagedesign"}}, {"model": "auth.permission", "pk": 96, "fields": {"name": "Can view page design", "content_type": 24, "codename": "view_pagedesign"}}, {"model": "auth.permission", "pk": 97, "fields": {"name": "Can add image in list", "content_type": 25, "codename": "add_imageinlist"}}, {"model": "auth.permission", "pk": 98, "fields": {"name": "Can change image in list", "content_type": 25, "codename": "change_imageinlist"}}, {"model": "auth.permission", "pk": 99, "fields": {"name": "Can delete image in list", "content_type": 25, "codename": "delete_imageinlist"}}, {"model": "auth.permission", "pk": 100, "fields": {"name": "Can view image in list", "content_type": 25, "codename": "view_imageinlist"}}, {"model": "auth.permission", "pk": 101, "fields": {"name": "Can add payment", "content_type": 26, "codename": "add_payment"}}, {"model": "auth.permission", "pk": 102, "fields": {"name": "Can change payment", "content_type": 26, "codename": "change_payment"}}, {"model": "auth.permission", "pk": 103, "fields": {"name": "Can delete payment", "content_type": 26, "codename": "delete_payment"}}, {"model": "auth.permission", "pk": 104, "fields": {"name": "Can view payment", "content_type": 26, "codename": "view_payment"}}, {"model": "auth.permission", "pk": 105, "fields": {"name": "Can add subscription", "content_type": 27, "codename": "add_subscription"}}, {"model": "auth.permission", "pk": 106, "fields": {"name": "Can change subscription", "content_type": 27, "codename": "change_subscription"}}, {"model": "auth.permission", "pk": 107, "fields": {"name": "Can delete subscription", "content_type": 27, "codename": "delete_subscription"}}, {"model": "auth.permission", "pk": 108, "fields": {"name": "Can view subscription", "content_type": 27, "codename": "view_subscription"}}, {"model": "auth.permission", "pk": 109, "fields": {"name": "Can add subscription plan", "content_type": 28, "codename": "add_subscriptionplan"}}, {"model": "auth.permission", "pk": 110, "fields": {"name": "Can change subscription plan", "content_type": 28, "codename": "change_subscriptionplan"}}, {"model": "auth.permission", "pk": 111, "fields": {"name": "Can delete subscription plan", "content_type": 28, "codename": "delete_subscriptionplan"}}, {"model": "auth.permission", "pk": 112, "fields": {"name": "Can view subscription plan", "content_type": 28, "codename": "view_subscriptionplan"}}, {"model": "auth.permission", "pk": 113, "fields": {"name": "Can add site", "content_type": 29, "codename": "add_site"}}, {"model": "auth.permission", "pk": 114, "fields": {"name": "Can change site", "content_type": 29, "codename": "change_site"}}, {"model": "auth.permission", "pk": 115, "fields": {"name": "Can delete site", "content_type": 29, "codename": "delete_site"}}, {"model": "auth.permission", "pk": 116, "fields": {"name": "Can view site", "content_type": 29, "codename": "view_site"}}, {"model": "auth.permission", "pk": 117, "fields": {"name": "Can add email address", "content_type": 30, "codename": "add_emailaddress"}}, {"model": "auth.permission", "pk": 118, "fields": {"name": "Can change email address", "content_type": 30, "codename": "change_emailaddress"}}, {"model": "auth.permission", "pk": 119, "fields": {"name": "Can delete email address", "content_type": 30, "codename": "delete_emailaddress"}}, {"model": "auth.permission", "pk": 120, "fields": {"name": "Can view email address", "content_type": 30, "codename": "view_emailaddress"}}, {"model": "auth.permission", "pk": 121, "fields": {"name": "Can add email confirmation", "content_type": 31, "codename": "add_emailconfirmation"}}, {"model": "auth.permission", "pk": 122, "fields": {"name": "Can change email confirmation", "content_type": 31, "codename": "change_emailconfirmation"}}, {"model": "auth.permission", "pk": 123, "fields": {"name": "Can delete email confirmation", "content_type": 31, "codename": "delete_emailconfirmation"}}, {"model": "auth.permission", "pk": 124, "fields": {"name": "Can view email confirmation", "content_type": 31, "codename": "view_emailconfirmation"}}, {"model": "auth.permission", "pk": 125, "fields": {"name": "Can add social account", "content_type": 32, "codename": "add_socialaccount"}}, {"model": "auth.permission", "pk": 126, "fields": {"name": "Can change social account", "content_type": 32, "codename": "change_socialaccount"}}, {"model": "auth.permission", "pk": 127, "fields": {"name": "Can delete social account", "content_type": 32, "codename": "delete_socialaccount"}}, {"model": "auth.permission", "pk": 128, "fields": {"name": "Can view social account", "content_type": 32, "codename": "view_socialaccount"}}, {"model": "auth.permission", "pk": 129, "fields": {"name": "Can add social application", "content_type": 33, "codename": "add_socialapp"}}, {"model": "auth.permission", "pk": 130, "fields": {"name": "Can change social application", "content_type": 33, "codename": "change_socialapp"}}, {"model": "auth.permission", "pk": 131, "fields": {"name": "Can delete social application", "content_type": 33, "codename": "delete_socialapp"}}, {"model": "auth.permission", "pk": 132, "fields": {"name": "Can view social application", "content_type": 33, "codename": "view_socialapp"}}, {"model": "auth.permission", "pk": 133, "fields": {"name": "Can add social application token", "content_type": 34, "codename": "add_socialtoken"}}, {"model": "auth.permission", "pk": 134, "fields": {"name": "Can change social application token", "content_type": 34, "codename": "change_socialtoken"}}, {"model": "auth.permission", "pk": 135, "fields": {"name": "Can delete social application token", "content_type": 34, "codename": "delete_socialtoken"}}, {"model": "auth.permission", "pk": 136, "fields": {"name": "Can view social application token", "content_type": 34, "codename": "view_socialtoken"}}, {"model": "auth.permission", "pk": 137, "fields": {"name": "Can add user profile", "content_type": 35, "codename": "add_userprofile"}}, {"model": "auth.permission", "pk": 138, "fields": {"name": "Can change user profile", "content_type": 35, "codename": "change_userprofile"}}, {"model": "auth.permission", "pk": 139, "fields": {"name": "Can delete user profile", "content_type": 35, "codename": "delete_userprofile"}}, {"model": "auth.permission", "pk": 140, "fields": {"name": "Can view user profile", "content_type": 35, "codename": "view_userprofile"}}, {"model": "auth.user", "pk": 1, "fields": {"password": "pbkdf2_sha256$1000000$rqS7hR5QYLinnZqubtcv6I$joNzK8qxWUufBenR4FWwOjwCSZjxOLqF/lBqeMXi2n0=", "last_login": "2025-08-25T20:45:35Z", "is_superuser": true, "username": "ameb8", "first_name": "", "last_name": "", "email": "alexmeb81@outlook.com", "is_staff": true, "is_active": true, "date_joined": "2025-08-11T18:41:14Z", "groups": [], "user_permissions": []}}, {"model": "auth.user", "pk": 2, "fields": {"password": "pbkdf2_sha256$1000000$SDGsjcT5c7SI3GVgBjAcoE$HMa3NmReEv13L4y7UhNc2nDQmwhTyDEhz7OTCWafO6M=", "last_login": null, "is_superuser": false, "username": "test", "first_name": "", "last_name": "", "email": "", "is_staff": false, "is_active": true, "date_joined": "2025-08-12T00:30:33.879Z", "groups": [], "user_permissions": []}}, {"model": "auth.user", "pk": 4, "fields": {"password": "pbkdf2_sha256$1000000$4mHoktw7TgYiQHIBe08gZ6$TQz7T7LUNPB0RRiimw4jUDJ1g61JeGxDTTW69y6wR1w=", "last_login": null, "is_superuser": false, "username": "test_account", "first_name": "", "last_name": "", "email": "test@domain.com", "is_staff": false, "is_active": true, "date_joined": "2025-08-18T18:07:40.803Z", "groups": [], "user_permissions": []}}, {"model": "auth.user", "pk": 5, "fields": {"password": "", "last_login": null, "is_superuser": false, "username": "Alexmeb81@outlook.com", "first_name": "Alex", "last_name": "Buckley", "email": "Alexmeb81@outlook.com", "is_staff": false, "is_active": true, "date_joined": "2025-08-29T18:52:44Z", "groups": [], "user_permissions": []}}, {"model": "auth.user", "pk": 6, "fields": {"password": "pbkdf2_sha256$1000000$rPyIS9XvNzDtYZk6aPfxD1$G778EDcJ/Xjh6IDY6fO4mDSie+/RkphBZev+Fs3SfmE=", "last_login": null, "is_superuser": false, "username": "patty cake", "first_name": "", "last_name": "", "email": "patty@patty.com", "is_staff": false, "is_active": true, "date_joined": "2025-08-29T18:53:34.189Z", "groups": [], "user_permissions": []}}, {"model": "auth.user", "pk": 7, "fields": {"password": "pbkdf2_sha256$1000000$7bWmdbrWDpvo5BT3TepPsT$6m5jqCDkSnQrVrCa6MDtqiwShyPCB+entOrP/rxKeP0=", "last_login": null, "is_superuser": false, "username": "temp", "first_name": "", "last_name": "", "email": "temp@mail", "is_staff": false, "is_active": true, "date_joined": "2025-08-29T19:00:56.186Z", "groups": [], "user_permissions": []}}, {"model": "contenttypes.contenttype", "pk": 1, "fields": {"app_label": "admin", "model": "logentry"}}, {"model": "contenttypes.contenttype", "pk": 2, "fields": {"app_label": "auth", "model": "permission"}}, {"model": "contenttypes.contenttype", "pk": 3, "fields": {"app_label": "auth", "model": "group"}}, {"model": "contenttypes.contenttype", "pk": 4, "fields": {"app_label": "auth", "model": "user"}}, {"model": "contenttypes.contenttype", "pk": 5, "fields": {"app_label": "contenttypes", "model": "contenttype"}}, {"model": "contenttypes.contenttype", "pk": 6, "fields": {"app_label": "sessions", "model": "session"}}, {"model": "contenttypes.contenttype", "pk": 7, "fields": {"app_label": "authtoken", "model": "token"}}, {"model": "contenttypes.contenttype", "pk": 8, "fields": {"app_label": "authtoken", "model": "tokenproxy"}}, {"model": "contenttypes.contenttype", "pk": 9, "fields": {"app_label": "accounts", "model": "adminaccessrequest"}}, {"model": "contenttypes.contenttype", "pk": 10, "fields": {"app_label": "accounts", "model": "useraddress"}}, {"model": "contenttypes.contenttype", "pk": 11, "fields": {"app_label": "products", "model": "product"}}, {"model": "contenttypes.contenttype", "pk": 12, "fields": {"app_label": "products", "model": "productimages"}}, {"model": "contenttypes.contenttype", "pk": 13, "fields": {"app_label": "orders", "model": "address"}}, {"model": "contenttypes.contenttype", "pk": 14, "fields": {"app_label": "orders", "model": "emailalert"}}, {"model": "contenttypes.contenttype", "pk": 15, "fields": {"app_label": "orders", "model": "order"}}, {"model": "contenttypes.contenttype", "pk": 16, "fields": {"app_label": "orders", "model": "orderitem"}}, {"model": "contenttypes.contenttype", "pk": 17, "fields": {"app_label": "orders", "model": "phonealert"}}, {"model": "contenttypes.contenttype", "pk": 18, "fields": {"app_label": "tenants", "model": "tenant"}}, {"model": "contenttypes.contenttype", "pk": 19, "fields": {"app_label": "tenants", "model": "tenantadmin"}}, {"model": "contenttypes.contenttype", "pk": 20, "fields": {"app_label": "tenants", "model": "adminaccessrequest"}}, {"model": "contenttypes.contenttype", "pk": 21, "fields": {"app_label": "addresses", "model": "address"}}, {"model": "contenttypes.contenttype", "pk": 22, "fields": {"app_label": "page_design", "model": "designimage"}}, {"model": "contenttypes.contenttype", "pk": 23, "fields": {"app_label": "page_design", "model": "imagelist"}}, {"model": "contenttypes.contenttype", "pk": 24, "fields": {"app_label": "page_design", "model": "pagedesign"}}, {"model": "contenttypes.contenttype", "pk": 25, "fields": {"app_label": "page_design", "model": "imageinlist"}}, {"model": "contenttypes.contenttype", "pk": 26, "fields": {"app_label": "payments", "model": "payment"}}, {"model": "contenttypes.contenttype", "pk": 27, "fields": {"app_label": "subscriptions", "model": "subscription"}}, {"model": "contenttypes.contenttype", "pk": 28, "fields": {"app_label": "subscriptions", "model": "subscriptionplan"}}, {"model": "contenttypes.contenttype", "pk": 29, "fields": {"app_label": "sites", "model": "site"}}, {"model": "contenttypes.contenttype", "pk": 30, "fields": {"app_label": "account", "model": "emailaddress"}}, {"model": "contenttypes.contenttype", "pk": 31, "fields": {"app_label": "account", "model": "emailconfirmation"}}, {"model": "contenttypes.contenttype", "pk": 32, "fields": {"app_label": "socialaccount", "model": "socialaccount"}}, {"model": "contenttypes.contenttype", "pk": 33, "fields": {"app_label": "socialaccount", "model": "socialapp"}}, {"model": "contenttypes.contenttype", "pk": 34, "fields": {"app_label": "socialaccount", "model": "socialtoken"}}, {"model": "contenttypes.contenttype", "pk": 35, "fields": {"app_label": "accounts", "model": "userprofile"}}, {"model": "sessions.session", "pk": "1jpxe480qv6px7krb77uxvr2uld7t0oh", "fields": {"session_data": ".eJxVjDsOwjAQBe_iGln2-pdQ0nMGa-3d4ACypTipEHeHSCmgfTPzXiLitpa4dV7iTOIstDj9bgnzg-sO6I711mRudV3mJHdFHrTLayN-Xg7376BgL98aApCzjlgpx3kCDkobn5WBQEEPyiBo60ZIVjGNKUzeDzqTcTojE1nx_gDAJDdd:1ulXa2:N0S6LiS1h6wVFsVth-WqGv_JgtgkAlAcmZosO2zoiZo", "expire_date": "2025-08-25T18:49:10.646Z"}}, {"model": "sessions.session", "pk": "2w7yewldxxiq26owrppbxf8mih0tsstw", "fields": {"session_data": ".eJxVjDsOwjAQBe_iGln2-pdQ0nMGa-3d4ACypTipEHeHSCmgfTPzXiLitpa4dV7iTOIstDj9bgnzg-sO6I711mRudV3mJHdFHrTLayN-Xg7376BgL98aApCzjlgpx3kCDkobn5WBQEEPyiBo60ZIVjGNKUzeDzqTcTojE1nx_gDAJDdd:1ulcrr:NAXCOJBRTYY3-vawRDOBhhQpA58nI750_x--2kZEmKY", "expire_date": "2025-08-26T00:27:55.680Z"}}, {"model": "sessions.session", "pk": "8vi5ior68iap9bkjh7sas3pnb40425y0", "fields": {"session_data": ".eJxVjDsOwjAQBe_iGln2-pdQ0nMGa-3d4ACypTipEHeHSCmgfTPzXiLitpa4dV7iTOIstDj9bgnzg-sO6I711mRudV3mJHdFHrTLayN-Xg7376BgL98aApCzjlgpx3kCDkobn5WBQEEPyiBo60ZIVjGNKUzeDzqTcTojE1nx_gDAJDdd:1uqe4N:GO1Q2GttT7_-0L_i73fJNAHdkqaa3Rr50isYWs2b2t4", "expire_date": "2025-09-08T20:45:35.085Z"}}, {"model": "sessions.session", "pk": "ylgznv5ahooguz8srpdaz7xia77enqo2", "fields": {"session_data": ".eJxVjDsOwjAQBe_iGln2-pdQ0nMGa-3d4ACypTipEHeHSCmgfTPzXiLitpa4dV7iTOIstDj9bgnzg-sO6I711mRudV3mJHdFHrTLayN-Xg7376BgL98aApCzjlgpx3kCDkobn5WBQEEPyiBo60ZIVjGNKUzeDzqTcTojE1nx_gDAJDdd:1ulXSo:AFkrVV1ZUeOJlJgauunfGxi5djHJM6n6tLXf2hU4X4o", "expire_date": "2025-08-25T18:41:42.731Z"}}, {"model": "sites.site", "pk": 1, "fields": {"domain": "example.com", "name": "example.com"}}, {"model": "authtoken.token", "pk": "3d7c6a6b12e4a9de8ef773347382b10881afb3e5", "fields": {"user": 5, "created": "2025-08-29T18:52:44.695Z"}}, {"model": "authtoken.token", "pk": "42fc66a084d97485d44750d7f53c5dc2d6483562", "fields": {"user": 6, "created": "2025-08-29T18:53:35.540Z"}}, {"model": "authtoken.token", "pk": "67f961503b0ea433451765a4bd0e65b86516366a", "fields": {"user": 4, "created": "2025-08-18T18:07:41.324Z"}}, {"model": "authtoken.token", "pk": "86b4012d1a0065ab501c0fc5b5b9bac85dc417d9", "fields": {"user": 7, "created": "2025-08-29T19:00:57.683Z"}}, {"model": "authtoken.token", "pk": "90206cced7aa02018b31f5ec5f896eb2e4cf228c", "fields": {"user": 1, "created": "2025-08-12T00:01:35.917Z"}}, {"model": "accounts.userprofile", "pk": 1, "fields": {"user": 5, "profile_picture": "image/upload/pbbxryfnu8kau7qiftld"}}, {"model": "accounts.userprofile", "pk": 2, "fields": {"user": 6, "profile_picture": null}}, {"model": "accounts.userprofile", "pk": 3, "fields": {"user": 7, "profile_picture": null}}, {"model": "accounts.useraddress", "pk": 2, "fields": {"user": 1, "address": 1}}, {"model": "accounts.useraddress", "pk": 3, "fields": {"user": 1, "address": 3}}, {"model": "products.product", "pk": 3, "fields": {"name": "b", "category": "a", "price": "1.11", "image": "image/upload/v1754986232/products/qxvrfimomtdbpmqmqwdb.png", "description": "a", "tenant": 2, "amount": 3, "created_at": "2025-08-12T08:10:33.175Z", "updated_at": "2025-08-15T17:57:13.743Z", "weight_value": "1.00", "weight_unit": "lb", "length": "3.00", "width": "3.00", "height": "7.00", "distance_unit": "in"}}, {"model": "products.product", "pk": 4, "fields": {"name": "Home Sweet Home", "category": "Candle", "price": "19.99", "image": "image/upload/v1755457460/products/yfiidoh37t2dvtrhkc3x.png", "description": "Your description here. Your description here. Your description here. Your description here. Your description here. Your description here. Your description here. Your description here.", "tenant": 3, "amount": 3, "created_at": "2025-08-17T19:04:21.331Z", "updated_at": "2025-08-17T19:04:21.331Z", "weight_value": "1.00", "weight_unit": "lb", "length": "3.00", "width": "3.00", "height": "7.00", "distance_unit": "in"}}, {"model": "products.product", "pk": 6, "fields": {"name": "Dusk", "category": "Mug", "price": "14.99", "image": "image/upload/v1755457558/products/nnt2zai3fjijlcebycvc.png", "description": "Your description here. Your description here. Your description here. Your description here. Your description here. Your description here. Your description here. Your description here. Your description here.", "tenant": 3, "amount": 5, "created_at": "2025-08-17T19:05:59.694Z", "updated_at": "2025-08-17T19:05:59.694Z", "weight_value": "1.00", "weight_unit": "lb", "length": "3.00", "width": "3.00", "height": "7.00", "distance_unit": "in"}}, {"model": "products.product", "pk": 7, "fields": {"name": "Cotton Candy", "category": "Mug", "price": "29.99", "image": "image/upload/v1755457597/products/fg6t0xuh3e1xkbacagon.png", "description": "Your description here. Your description here. Your description here. Your description here. Your description here. Your description here. Your description here. Your description here. Your description here. Your description here.", "tenant": 3, "amount": 3, "created_at": "2025-08-17T19:06:38.402Z", "updated_at": "2025-08-17T19:06:38.403Z", "weight_value": "1.00", "weight_unit": "lb", "length": "3.00", "width": "3.00", "height": "7.00", "distance_unit": "in"}}, {"model": "products.product", "pk": 8, "fields": {"name": "Pufferfish", "category": "Candle", "price": "49.99", "image": "image/upload/v1755457628/products/hj3ehexpixpfqhgjvsrb.png", "description": "Your description here. Your description here. Your description here. Your description here. Your description here. Your description here. Your description here. Your description here. Your description here.", "tenant": 3, "amount": 3, "created_at": "2025-08-17T19:07:09.326Z", "updated_at": "2025-08-17T19:07:09.326Z", "weight_value": "1.00", "weight_unit": "lb", "length": "3.00", "width": "3.00", "height": "7.00", "distance_unit": "in"}}, {"model": "products.product", "pk": 9, "fields": {"name": "Mango Sunset", "category": "Candle", "price": "19.99", "image": "image/upload/v1756285967/products/fg07bdhdij9iulbyrzvi.png", "description": "Beautiful tropical candle with tones of warmth and adventure. Perfect for a warm summer evening.", "tenant": 2, "amount": 1, "created_at": "2025-08-27T09:12:48.338Z", "updated_at": "2025-08-27T09:12:48.338Z", "weight_value": "1.00", "weight_unit": "lb", "length": "3.00", "width": "3.00", "height": "7.00", "distance_unit": "in"}}, {"model": "products.product", "pk": 10, "fields": {"name": "test", "category": "test", "price": "0.99", "image": "image/upload/v1756286011/products/a86ihvblyghokxovuqu4.png", "description": "test", "tenant": 2, "amount": 1, "created_at": "2025-08-27T09:13:31.715Z", "updated_at": "2025-08-27T09:13:31.715Z", "weight_value": "1.00", "weight_unit": "lb", "length": "3.00", "width": "3.00", "height": "7.00", "distance_unit": "in"}}, {"model": "products.product", "pk": 12, "fields": {"name": "Mango Sunset", "category": "Candle", "price": "19.99", "image": "image/upload/v1756339283/products/upnk30rxuwgpjngi0d7c.png", "description": "Beautiful and warm tropical scented candle, perfect for warm summer afternoons", "tenant": 3, "amount": 1, "created_at": "2025-08-28T00:01:23.754Z", "updated_at": "2025-08-28T00:01:23.754Z", "weight_value": "1.00", "weight_unit": "lb", "length": "3.00", "width": "3.00", "height": "7.00", "distance_unit": "in"}}, {"model": "tenants.tenant", "pk": 1, "fields": {"slug": "demo", "name": "My Buisness", "owner": 1, "stripe_account_id": "123", "stripe_customer_id": null, "image": "image/upload/v1754958589/products/c0gxwazm1wenhacdm6j1.jpg", "color_primary": "#111111", "color_secondary": "#222222", "color_accent": "#777777", "email": "my_email@demo.example", "phone": "123-456-7890", "address": "123 main st. City, STATE, 12345", "domain": "demo", "is_active": true, "created_at": "2025-08-12T00:29:49.785Z", "updated_at": "2025-08-12T00:29:49.785Z"}}, {"model": "tenants.tenant", "pk": 2, "fields": {"slug": "test_slug", "name": "Test Buisness", "owner": 2, "stripe_account_id": "123", "stripe_customer_id": "cus_SxHiexNsF3mAVt", "image": "image/upload/v1754958749/products/rcrujgwvwx8wa9hxzcnh.png", "color_primary": "#75aadf", "color_secondary": "#8CECFD", "color_accent": "#FFFFFF", "email": "testmail@test.domain", "phone": "123-456-7890", "address": "123 E 1st St Seattle, WA 98765", "domain": "test_domain", "is_active": true, "created_at": "2025-08-12T00:32:29.832Z", "updated_at": "2025-08-29T07:54:58.075Z"}}, {"model": "tenants.tenant", "pk": 3, "fields": {"slug": "candle-co", "name": "Candle Co", "owner": 1, "stripe_account_id": "acct_1Ry73WG1jR4Y8jRh", "stripe_customer_id": "cus_SvMzarGzrGh377", "image": "image/upload/v1755457279/products/tpzx5covw9vuyh4pqirn.png", "color_primary": "#f2ebdc", "color_secondary": "#faf6ef", "color_accent": "#345678", "email": "candleco@gmail.com", "phone": "123-456-7890", "address": "123 !st Ave Ellensburg Wa", "domain": "candle-co", "is_active": true, "created_at": "2025-08-15T18:19:45.380Z", "updated_at": "2025-08-24T05:14:06.452Z"}}, {"model": "tenants.tenant", "pk": 4, "fields": {"slug": "cat-treats", "name": "Cat Treats", "owner": 1, "stripe_account_id": "123", "stripe_customer_id": "cus_SvPO4tWCdDAUlD", "image": "image/upload/v1755282070/products/u0xdl0ycnk9rdvfz871i.png", "color_primary": "#222222", "color_secondary": "#333333", "color_accent": "#444444", "email": "cattreats@outlook.com", "phone": "123-456-7890", "address": "123 main st. Seattle WA 98005", "domain": "cat-treats.com", "is_active": true, "created_at": "2025-08-15T18:21:11.085Z", "updated_at": "2025-08-24T07:42:35.731Z"}}, {"model": "tenants.tenantadmin", "pk": 1, "fields": {"tenant": 2, "user": 1}}, {"model": "addresses.address", "pk": 1, "fields": {"street_address": "1", "apartment_address": "2", "city": "b", "state": "1", "postal_code": "1", "country": "AF"}}, {"model": "addresses.address", "pk": 2, "fields": {"street_address": "707 E 4th Ave", "apartment_address": "", "city": "Ellensburg", "state": "WA", "postal_code": "98926", "country": "US"}}, {"model": "addresses.address", "pk": 3, "fields": {"street_address": "707 E 4th Ave", "apartment_address": "", "city": "Ellensburg", "state": "WA", "postal_code": "98926", "country": "US"}}, {"model": "page_design.pagedesign", "pk": 1, "fields": {"tenant": 2, "about_us_title": "About us", "about_us_body": "Test description. Test description. Test description. Test description. Test description. Test description. Test description. Test description. Test description. Test description.", "contact_num": "999-999-9999", "contact_mail": "myemail@domain.com"}}, {"model": "page_design.designimage", "pk": 1, "fields": {"image": "image/upload/v1756143377/page-design/i2hi4mhfpok4cbofyp3g.jpg", "alt_text": "fence picture"}}, {"model": "page_design.designimage", "pk": 2, "fields": {"image": "image/upload/v1756143952/page-design/rkv7d5b0ahuoeqfk8da3.jpg", "alt_text": "logo"}}, {"model": "page_design.designimage", "pk": 3, "fields": {"image": "image/upload/v1756367352/page-design/t8edmmopmqrdpxtb8p1k.png", "alt_text": ""}}, {"model": "page_design.designimage", "pk": 4, "fields": {"image": "image/upload/v1756367353/page-design/dzjwxbjr2m8xu5fzwc7v.png", "alt_text": ""}}, {"model": "page_design.designimage", "pk": 5, "fields": {"image": "image/upload/v1756367475/page-design/ake6ens6jpbjit4o6pcy.png", "alt_text": ""}}, {"model": "page_design.designimage", "pk": 6, "fields": {"image": "image/upload/v1756367491/page-design/il6xzjxv6hxzsn5zvngd.png", "alt_text": ""}}, {"model": "page_design.designimage", "pk": 7, "fields": {"image": "image/upload/v1756370035/page-design/y6nmtrnvxyau7msdgaoe.png", "alt_text": ""}}, {"model": "page_design.designimage", "pk": 8, "fields": {"image": "image/upload/v1756370053/page-design/rmtopjtubamzxyoqnryb.png", "alt_text": ""}}, {"model": "page_design.imagelist", "pk": 1, "fields": {"name": "about"}}, {"model": "page_design.imagelist", "pk": 2, "fields": {"name": "contact"}}, {"model": "page_design.imageinlist", "pk": 1, "fields": {"order": 1, "tenant": 2, "image": 1, "image_list": 1}}, {"model": "page_design.imageinlist", "pk": 3, "fields": {"order": 0, "tenant": 2, "image": 3, "image_list": 1}}, {"model": "page_design.imageinlist", "pk": 7, "fields": {"order": 1, "tenant": 2, "image": 7, "image_list": 2}}, {"model": "page_design.imageinlist", "pk": 8, "fields": {"order": 0, "tenant": 2, "image": 8, "image_list": 2}}, {"model": "subscriptions.subscriptionplan", "pk": 1, "fields": {"name": "Free", "stripe_price_id": "price_1RzNe0G8Pat8lUvzi7wDTPkA", "description": "Free Subscription", "active": true}}, {"model": "subscriptions.subscriptionplan", "pk": 2, "fields": {"name": "Basic", "stripe_price_id": "price_1RzNcxG8Pat8lUvzEDISA1h6", "description": "Basic paid membership", "active": true}}, {"model": "subscriptions.subscriptionplan", "pk": 3, "fields": {"name": "Premium", "stripe_price_id": "price_1Rz20BG8Pat8lUvz3EpJGMGC", "description": "Premium membership", "active": true}}, {"model": "subscriptions.subscription", "pk": 2, "fields": {"tenant": 2, "stripe_customer_id": "123", "stripe_subscription_id": "111", "plan": 1, "current_period_end": "2025-08-27T08:45:57Z", "status": "active"}}, {"model": "subscriptions.subscription", "pk": 4, "fields": {"tenant": 1, "stripe_customer_id": "123", "stripe_subscription_id": "123", "plan": 1, "current_period_end": "2025-08-19T00:00:00Z", "status": "active"}}, {"model": "subscriptions.subscription", "pk": 6, "fields": {"tenant": 4, "stripe_customer_id": "123", "stripe_subscription_id": "123", "plan": 1, "current_period_end": "2025-08-28T20:46:06Z", "status": "active"}}, {"model": "subscriptions.subscription", "pk": 7, "fields": {"tenant": 2, "stripe_customer_id": "1", "stripe_subscription_id": "1", "plan": 3, "current_period_end": "2025-08-29T07:38:09Z", "status": "active"}}, {"model": "subscriptions.subscription", "pk": 8, "fields": {"tenant": 3, "stripe_customer_id": "", "stripe_subscription_id": "sub_1S1BLXG8Pat8lUvzPCd66pdQ", "plan": 3, "current_period_end": "2025-09-28T19:18:54Z", "status": "active"}}, {"model": "subscriptions.subscription", "pk": 9, "fields": {"tenant": 2, "stripe_customer_id": "", "stripe_subscription_id": "sub_1S1N9eG8Pat8lUvzdziBTax6", "plan": 1, "current_period_end": "2026-08-29T07:55:24Z", "status": "active"}}]