[{"model": "auth.user", "fields": {"password": "pbkdf2_sha256$1000000$rqS7hR5QYLinnZqubtcv6I$joNzK8qxWUufBenR4FWwOjwCSZjxOLqF/lBqeMXi2n0=", "last_login": "2025-12-12T07:42:32.388Z", "is_superuser": true, "username": "ameb8", "first_name": "", "last_name": "", "email": "alexmeb8@gmail.com", "is_staff": true, "is_active": true, "date_joined": "2025-08-11T18:41:14Z", "groups": [], "user_permissions": []}}, {"model": "auth.user", "fields": {"password": "pbkdf2_sha256$1000000$SDGsjcT5c7SI3GVgBjAcoE$HMa3NmReEv13L4y7UhNc2nDQmwhTyDEhz7OTCWafO6M=", "last_login": null, "is_superuser": false, "username": "test", "first_name": "", "last_name": "", "email": "", "is_staff": false, "is_active": true, "date_joined": "2025-08-12T00:30:33.879Z", "groups": [], "user_permissions": []}}, {"model": "auth.user", "fields": {"password": "pbkdf2_sha256$1000000$4mHoktw7TgYiQHIBe08gZ6$TQz7T7LUNPB0RRiimw4jUDJ1g61JeGxDTTW69y6wR1w=", "last_login": null, "is_superuser": false, "username": "test_account", "first_name": "", "last_name": "", "email": "test@domain.com", "is_staff": false, "is_active": true, "date_joined": "2025-08-18T18:07:40.803Z", "groups": [], "user_permissions": []}}, {"model": "auth.user", "fields": {"password": "", "last_login": null, "is_superuser": false, "username": "Alexmeb81@outlook.com", "first_name": "Alex", "last_name": "Buckley", "email": "Alexmeb81@outlook.com", "is_staff": false, "is_active": true, "date_joined": "2025-08-29T18:52:44Z", "groups": [], "user_permissions": []}}, {"model": "auth.user", "fields": {"password": "pbkdf2_sha256$1000000$rPyIS9XvNzDtYZk6aPfxD1$G778EDcJ/Xjh6IDY6fO4mDSie+/RkphBZev+Fs3SfmE=", "last_login": null, "is_superuser": false, "username": "patty cake", "first_name": "", "last_name": "", "email": "patty@patty.com", "is_staff": false, "is_active": true, "date_joined": "2025-08-29T18:53:34.189Z", "groups": [], "user_permissions": []}}, {"model": "auth.user", "fields": {"password": "pbkdf2_sha256$1000000$7bWmdbrWDpvo5BT3TepPsT$6m5jqCDkSnQrVrCa6MDtqiwShyPCB+entOrP/rxKeP0=", "last_login": null, "is_superuser": false, "username": "temp", "first_name": "", "last_name": "", "email": "temp@mail", "is_staff": false, "is_active": true, "date_joined": "2025-08-29T19:00:56.186Z", "groups": [], "user_permissions": []}}, {"model": "auth.user", "fields": {"password": "pbkdf2_sha256$1000000$jIpwOCnuuqxNmgQ0GM4ZqR$jTtsahstGAzej6m/3M9AmPFbN9t3d92OGChCgRrQMNE=", "last_login": null, "is_superuser": false, "username": "alex", "first_name": "", "last_name": "", "email": "test@tesst.org", "is_staff": false, "is_active": true, "date_joined": "2025-09-15T23:39:27.076Z", "groups": [], "user_permissions": []}}, {"model": "sessions.session", "pk": "1jpxe480qv6px7krb77uxvr2uld7t0oh", "fields": {"session_data": ".eJxVjDsOwjAQBe_iGln2-pdQ0nMGa-3d4ACypTipEHeHSCmgfTPzXiLitpa4dV7iTOIstDj9bgnzg-sO6I711mRudV3mJHdFHrTLayN-Xg7376BgL98aApCzjlgpx3kCDkobn5WBQEEPyiBo60ZIVjGNKUzeDzqTcTojE1nx_gDAJDdd:1ulXa2:N0S6LiS1h6wVFsVth-WqGv_JgtgkAlAcmZosO2zoiZo", "expire_date": "2025-08-25T18:49:10.646Z"}}, {"model": "sessions.session", "pk": "2w7yewldxxiq26owrppbxf8mih0tsstw", "fields": {"session_data": ".eJxVjDsOwjAQBe_iGln2-pdQ0nMGa-3d4ACypTipEHeHSCmgfTPzXiLitpa4dV7iTOIstDj9bgnzg-sO6I711mRudV3mJHdFHrTLayN-Xg7376BgL98aApCzjlgpx3kCDkobn5WBQEEPyiBo60ZIVjGNKUzeDzqTcTojE1nx_gDAJDdd:1ulcrr:NAXCOJBRTYY3-vawRDOBhhQpA58nI750_x--2kZEmKY", "expire_date": "2025-08-26T00:27:55.680Z"}}, {"model": "sessions.session", "pk": "8vi5ior68iap9bkjh7sas3pnb40425y0", "fields": {"session_data": ".eJxVjDsOwjAQBe_iGln2-pdQ0nMGa-3d4ACypTipEHeHSCmgfTPzXiLitpa4dV7iTOIstDj9bgnzg-sO6I711mRudV3mJHdFHrTLayN-Xg7376BgL98aApCzjlgpx3kCDkobn5WBQEEPyiBo60ZIVjGNKUzeDzqTcTojE1nx_gDAJDdd:1uqe4N:GO1Q2GttT7_-0L_i73fJNAHdkqaa3Rr50isYWs2b2t4", "expire_date": "2025-09-08T20:45:35.085Z"}}, {"model": "sessions.session", "pk": "923lzd9fcjnwz03ppw0nso8009v9jffb", "fields": {"session_data": ".eJxVjDsOwjAQBe_iGln2-pdQ0nMGa-3d4ACypTipEHeHSCmgfTPzXiLitpa4dV7iTOIstDj9bgnzg-sO6I711mRudV3mJHdFHrTLayN-Xg7376BgL98aApCzjlgpx3kCDkobn5WBQEEPyiBo60ZIVjGNKUzeDzqTcTojE1nx_gDAJDdd:1vDe47:rImqoF0APtm1SbaQp_5TOmhL8aHbJI1oM7kDEEJ9RFM", "expire_date": "2025-11-11T07:24:23.695Z"}}, {"model": "sessions.session", "pk": "fk19solntzvahppfpy7jkjzi0xg50bnu", "fields": {"session_data": ".eJxVjDsOwjAQBe_iGln2-pdQ0nMGa-3d4ACypTipEHeHSCmgfTPzXiLitpa4dV7iTOIstDj9bgnzg-sO6I711mRudV3mJHdFHrTLayN-Xg7376BgL98aApCzjlgpx3kCDkobn5WBQEEPyiBo60ZIVjGNKUzeDzqTcTojE1nx_gDAJDdd:1uxuGS:vJZjoG_W0UFemGBKsCnIkFcVlurQXAEwlSo1hRnRb-w", "expire_date": "2025-09-28T21:28:04.494Z"}}, {"model": "sessions.session", "pk": "h73ymkudkfzn5v67fo2un4v4n1w4581o", "fields": {"session_data": ".eJxVjDsOwjAQBe_iGln2-pdQ0nMGa-3d4ACypTipEHeHSCmgfTPzXiLitpa4dV7iTOIstDj9bgnzg-sO6I711mRudV3mJHdFHrTLayN-Xg7376BgL98aApCzjlgpx3kCDkobn5WBQEEPyiBo60ZIVjGNKUzeDzqTcTojE1nx_gDAJDdd:1vTxnM:W0jtFmc4D-FJVrOmijwDU1GJOxnBv_Xj_qFCQmbkQ9c", "expire_date": "2025-12-26T07:42:32.393Z"}}, {"model": "sessions.session", "pk": "ylgznv5ahooguz8srpdaz7xia77enqo2", "fields": {"session_data": ".eJxVjDsOwjAQBe_iGln2-pdQ0nMGa-3d4ACypTipEHeHSCmgfTPzXiLitpa4dV7iTOIstDj9bgnzg-sO6I711mRudV3mJHdFHrTLayN-Xg7376BgL98aApCzjlgpx3kCDkobn5WBQEEPyiBo60ZIVjGNKUzeDzqTcTojE1nx_gDAJDdd:1ulXSo:AFkrVV1ZUeOJlJgauunfGxi5djHJM6n6tLXf2hU4X4o", "expire_date": "2025-08-25T18:41:42.731Z"}}, {"model": "sites.site", "fields": {"domain": "example.com", "name": "example.com"}}, {"model": "authtoken.token", "pk": "3d7c6a6b12e4a9de8ef773347382b10881afb3e5", "fields": {"user": ["Alexmeb81@outlook.com"], "created": "2025-08-29T18:52:44.695Z"}}, {"model": "authtoken.token", "pk": "42fc66a084d97485d44750d7f53c5dc2d6483562", "fields": {"user": ["patty cake"], "created": "2025-08-29T18:53:35.540Z"}}, {"model": "authtoken.token", "pk": "67f961503b0ea433451765a4bd0e65b86516366a", "fields": {"user": ["test_account"], "created": "2025-08-18T18:07:41.324Z"}}, {"model": "authtoken.token", "pk": "799b0aebe15f952fcd1ee91bddb2ae243d7407c8", "fields": {"user": ["alex"], "created": "2025-09-15T23:39:27.911Z"}}, {"model": "authtoken.token", "pk": "86b4012d1a0065ab501c0fc5b5b9bac85dc417d9", "fields": {"user": ["temp"], "created": "2025-08-29T19:00:57.683Z"}}, {"model": "authtoken.token", "pk": "90206cced7aa02018b31f5ec5f896eb2e4cf228c", "fields": {"user": ["ameb8"], "created": "2025-08-12T00:01:35.917Z"}}, {"model": "accounts.userprofile", "pk": 1, "fields": {"user": ["Alexmeb81@outlook.com"], "profile_picture": "image/upload/pbbxryfnu8kau7qiftld"}}, {"model": "accounts.userprofile", "pk": 2, "fields": {"user": ["patty cake"], "profile_picture": null}}, {"model": "accounts.userprofile", "pk": 3, "fields": {"user": ["temp"], "profile_picture": null}}, {"model": "accounts.userprofile", "pk": 4, "fields": {"user": ["alex"], "profile_picture": null}}, {"model": "accounts.useraddress", "pk": 2, "fields": {"user": ["ameb8"], "address": 1}}, {"model": "accounts.useraddress", "pk": 3, "fields": {"user": ["ameb8"], "address": 3}}, {"model": "accounts.useraddress", "pk": 4, "fields": {"user": ["Alexmeb81@outlook.com"], "address": 4}}, {"model": "products.product", "pk": 3, "fields": {"name": "b", "category": "a", "price": "1.11", "image": "image/upload/v1754986232/products/qxvrfimomtdbpmqmqwdb.png", "description": "a", "tenant": 2, "amount": 3, "created_at": "2025-08-12T08:10:33.175Z", "updated_at": "2025-08-15T17:57:13.743Z", "weight_value": "1.00", "weight_unit": "lb", "length": "3.00", "width": "3.00", "height": "7.00", "distance_unit": "in"}}, {"model": "products.product", "pk": 4, "fields": {"name": "Home Sweet Home", "category": "Candle", "price": "19.99", "image": "image/upload/v1755457460/products/yfiidoh37t2dvtrhkc3x.png", "description": "Your description here. Your description here. Your description here. Your description here. Your description here. Your description here. Your description here. Your description here.", "tenant": 3, "amount": 3, "created_at": "2025-08-17T19:04:21.331Z", "updated_at": "2025-08-17T19:04:21.331Z", "weight_value": "1.00", "weight_unit": "lb", "length": "3.00", "width": "3.00", "height": "7.00", "distance_unit": "in"}}, {"model": "products.product", "pk": 6, "fields": {"name": "Dusk", "category": "Mug", "price": "14.99", "image": "image/upload/v1755457558/products/nnt2zai3fjijlcebycvc.png", "description": "Your description here. Your description here. Your description here. Your description here. Your description here. Your description here. Your description here. Your description here. Your description here.", "tenant": 3, "amount": 5, "created_at": "2025-08-17T19:05:59.694Z", "updated_at": "2025-08-17T19:05:59.694Z", "weight_value": "1.00", "weight_unit": "lb", "length": "3.00", "width": "3.00", "height": "7.00", "distance_unit": "in"}}, {"model": "products.product", "pk": 7, "fields": {"name": "Cotton Candy", "category": "Mug", "price": "29.99", "image": "image/upload/v1755457597/products/fg6t0xuh3e1xkbacagon.png", "description": "Your description here. Your description here. Your description here. Your description here. Your description here. Your description here. Your description here. Your description here. Your description here. Your description here.", "tenant": 3, "amount": 3, "created_at": "2025-08-17T19:06:38.402Z", "updated_at": "2025-08-17T19:06:38.403Z", "weight_value": "1.00", "weight_unit": "lb", "length": "3.00", "width": "3.00", "height": "7.00", "distance_unit": "in"}}, {"model": "products.product", "pk": 8, "fields": {"name": "Pufferfish", "category": "Candle", "price": "49.99", "image": "image/upload/v1755457628/products/hj3ehexpixpfqhgjvsrb.png", "description": "Your description here. Your description here. Your description here. Your description here. Your description here. Your description here. Your description here. Your description here. Your description here.", "tenant": 3, "amount": 3, "created_at": "2025-08-17T19:07:09.326Z", "updated_at": "2025-08-17T19:07:09.326Z", "weight_value": "1.00", "weight_unit": "lb", "length": "3.00", "width": "3.00", "height": "7.00", "distance_unit": "in"}}, {"model": "products.product", "pk": 9, "fields": {"name": "Mango Sunset", "category": "Candle", "price": "19.99", "image": "image/upload/v1756285967/products/fg07bdhdij9iulbyrzvi.png", "description": "Beautiful tropical candle with tones of warmth and adventure. Perfect for a warm summer evening.", "tenant": 2, "amount": 1, "created_at": "2025-08-27T09:12:48.338Z", "updated_at": "2025-08-27T09:12:48.338Z", "weight_value": "1.00", "weight_unit": "lb", "length": "3.00", "width": "3.00", "height": "7.00", "distance_unit": "in"}}, {"model": "products.product", "pk": 10, "fields": {"name": "test", "category": "test", "price": "0.99", "image": "image/upload/v1756286011/products/a86ihvblyghokxovuqu4.png", "description": "test", "tenant": 2, "amount": 1, "created_at": "2025-08-27T09:13:31.715Z", "updated_at": "2025-08-27T09:13:31.715Z", "weight_value": "1.00", "weight_unit": "lb", "length": "3.00", "width": "3.00", "height": "7.00", "distance_unit": "in"}}, {"model": "products.product", "pk": 12, "fields": {"name": "Mango Sunset", "category": "Candle", "price": "19.99", "image": "image/upload/v1756339283/products/upnk30rxuwgpjngi0d7c.png", "description": "Beautiful and warm tropical scented candle, perfect for warm summer afternoons", "tenant": 3, "amount": 1, "created_at": "2025-08-28T00:01:23.754Z", "updated_at": "2025-08-28T00:01:23.754Z", "weight_value": "1.00", "weight_unit": "lb", "length": "3.00", "width": "3.00", "height": "7.00", "distance_unit": "in"}}, {"model": "orders.order", "pk": 1, "fields": {"user": null, "email": "test@test.com", "order_code": "f0c0bedc-5838-4108-b658-5a9c3f902a09", "shipping_address": null, "tenant": 3, "shipping_cost": null, "stripe_payment_intent_id": null, "paid": false, "created_at": "2025-09-05T00:05:18.619Z", "status": "pending", "total_amount": 239}}, {"model": "orders.order", "pk": 2, "fields": {"user": null, "email": "test@test.com", "order_code": "50301da1-e4aa-4c7a-8eaa-05841bb9ac31", "shipping_address": null, "tenant": 3, "shipping_cost": null, "stripe_payment_intent_id": "pi_3S3nJbG8Pat8lUvz15OEJ5Jh", "paid": false, "created_at": "2025-09-05T00:15:43.230Z", "status": "pending", "total_amount": 1499}}, {"model": "orders.order", "pk": 3, "fields": {"user": null, "email": "test@test.com", "order_code": "924a916e-af4d-4572-bd5e-641a9f772cc3", "shipping_address": null, "tenant": 3, "shipping_cost": null, "stripe_payment_intent_id": "pi_3S3nMTG8Pat8lUvz0rLs7Osn", "paid": false, "created_at": "2025-09-05T00:18:40.734Z", "status": "pending", "total_amount": 1499}}, {"model": "orders.order", "pk": 4, "fields": {"user": null, "email": "test@test.com", "order_code": "5e83ddbc-4958-487f-af95-31af299e81c5", "shipping_address": null, "tenant": 3, "shipping_cost": null, "stripe_payment_intent_id": "pi_3S3tDVG8Pat8lUvz1dU2sK2x", "paid": false, "created_at": "2025-09-05T06:33:49.003Z", "status": "pending", "total_amount": 1499}}, {"model": "orders.order", "pk": 5, "fields": {"user": null, "email": "test@test.com", "order_code": "0b4d2394-12c3-4058-bfa7-c55d830b1446", "shipping_address": null, "tenant": 3, "shipping_cost": null, "stripe_payment_intent_id": "pi_3S3tTcG8Pat8lUvz1JDB0r2w", "paid": false, "created_at": "2025-09-05T06:50:28.271Z", "status": "pending", "total_amount": 1499}}, {"model": "orders.order", "pk": 6, "fields": {"user": null, "email": "test@test.com", "order_code": "12d827b2-428b-48ea-a8be-e151fda3fd0c", "shipping_address": null, "tenant": 3, "shipping_cost": null, "stripe_payment_intent_id": "pi_3S3tU8G8Pat8lUvz0WJ8DrCy", "paid": false, "created_at": "2025-09-05T06:51:00.060Z", "status": "pending", "total_amount": 1499}}, {"model": "orders.order", "pk": 7, "fields": {"user": null, "email": "test@test.com", "order_code": "b4a70624-3f1f-4993-b587-0cc9dcf45346", "shipping_address": 2, "tenant": 3, "shipping_cost": null, "stripe_payment_intent_id": "pi_3S3tkLG8Pat8lUvz1yglKw8U", "paid": false, "created_at": "2025-09-05T07:07:44.869Z", "status": "pending", "total_amount": 1499}}, {"model": "orders.order", "pk": 8, "fields": {"user": null, "email": "test@test.com", "order_code": "fc542023-4bc1-4081-98f4-24fe3e7f8d7a", "shipping_address": null, "tenant": 3, "shipping_cost": null, "stripe_payment_intent_id": "pi_3S7NH9G8Pat8lUvz0SZnWAwZ", "paid": false, "created_at": "2025-09-14T21:15:59.249Z", "status": "pending", "total_amount": 1499}}, {"model": "orders.order", "pk": 9, "fields": {"user": null, "email": "test@test.com", "order_code": "67e464ec-8686-48a5-bccd-f816b7f51e18", "shipping_address": null, "tenant": 3, "shipping_cost": null, "stripe_payment_intent_id": "pi_3S7mniG8Pat8lUvz1qFkj06U", "paid": false, "created_at": "2025-09-16T00:31:17.788Z", "status": "pending", "total_amount": 6498}}, {"model": "orders.order", "pk": 10, "fields": {"user": null, "email": "test@test.com", "order_code": "c3316247-feb0-4178-9141-a6c58b5b645f", "shipping_address": null, "tenant": 3, "shipping_cost": null, "stripe_payment_intent_id": "pi_3S81zPG8Pat8lUvz0ZP8SQek", "paid": false, "created_at": "2025-09-16T16:44:23.288Z", "status": "pending", "total_amount": 7997}}, {"model": "orders.order", "pk": 11, "fields": {"user": null, "email": "test@test.com", "order_code": "b3f3d232-9eac-4f46-a418-582bb2b84f46", "shipping_address": null, "tenant": 3, "shipping_cost": null, "stripe_payment_intent_id": "pi_3S86h3G8Pat8lUvz0AwdRMUn", "paid": false, "created_at": "2025-09-16T21:45:45.231Z", "status": "pending", "total_amount": 7997}}, {"model": "orders.order", "pk": 12, "fields": {"user": null, "email": "test@test.com", "order_code": "dbdb914f-7fae-4b09-a4ea-d2fa1b89b3d6", "shipping_address": null, "tenant": 3, "shipping_cost": null, "stripe_payment_intent_id": "pi_3S86jmG8Pat8lUvz1LThFYER", "paid": false, "created_at": "2025-09-16T21:48:33.926Z", "status": "pending", "total_amount": 7997}}, {"model": "orders.order", "pk": 13, "fields": {"user": null, "email": "test@test.com", "order_code": "1dfba4e1-ce25-4b1f-818c-0d99a747abfb", "shipping_address": null, "tenant": 3, "shipping_cost": 1000, "stripe_payment_intent_id": "pi_3S86mIG8Pat8lUvz1pvBIHKw", "paid": false, "created_at": "2025-09-16T21:51:10.145Z", "status": "pending", "total_amount": 7997}}, {"model": "orders.order", "pk": 14, "fields": {"user": null, "email": "test@test.com", "order_code": "cbefdc25-0505-4438-9e4c-a25ccd380c7a", "shipping_address": null, "tenant": 3, "shipping_cost": 1000, "stripe_payment_intent_id": "pi_3S86mmG8Pat8lUvz0fwblOyU", "paid": false, "created_at": "2025-09-16T21:51:40.178Z", "status": "pending", "total_amount": 7997}}, {"model": "orders.order", "pk": 15, "fields": {"user": null, "email": "test@test.com", "order_code": "b29aaf28-9950-4f47-ba22-450718716d61", "shipping_address": null, "tenant": 3, "shipping_cost": 1000, "stripe_payment_intent_id": "pi_3S86z7G8Pat8lUvz13Dcb6oA", "paid": false, "created_at": "2025-09-16T22:04:24.701Z", "status": "pending", "total_amount": 7997}}, {"model": "orders.order", "pk": 16, "fields": {"user": null, "email": "test@test.com", "order_code": "82dcb60f-0567-41bd-b403-32d1c5e375c9", "shipping_address": null, "tenant": 3, "shipping_cost": 1000, "stripe_payment_intent_id": "pi_3S8716G8Pat8lUvz07KHXiKk", "paid": false, "created_at": "2025-09-16T22:06:28.035Z", "status": "pending", "total_amount": 7997}}, {"model": "orders.order", "pk": 17, "fields": {"user": null, "email": "test@test.com", "order_code": "56ab907e-354e-43df-b2ab-713d91d0bc50", "shipping_address": null, "tenant": 3, "shipping_cost": 1000, "stripe_payment_intent_id": "pi_3S873zG8Pat8lUvz10Vo6sAn", "paid": false, "created_at": "2025-09-16T22:09:26.749Z", "status": "pending", "total_amount": 7997}}, {"model": "orders.order", "pk": 18, "fields": {"user": null, "email": "test@test.com", "order_code": "5c2ff468-42ce-4cb5-a905-02cc2308e27e", "shipping_address": null, "tenant": 3, "shipping_cost": 1000, "stripe_payment_intent_id": "pi_3S874jG8Pat8lUvz1V0McgqU", "paid": false, "created_at": "2025-09-16T22:10:13.079Z", "status": "pending", "total_amount": 7997}}, {"model": "orders.order", "pk": 19, "fields": {"user": null, "email": "test@test.com", "order_code": "79c9ee59-72e4-48d8-b488-d5eedc83e3c6", "shipping_address": null, "tenant": 3, "shipping_cost": 1000, "stripe_payment_intent_id": null, "paid": false, "created_at": "2025-09-17T06:25:07.638Z", "status": "pending", "total_amount": 7997}}, {"model": "orders.order", "pk": 20, "fields": {"user": null, "email": "test@test.com", "order_code": "cd76a08f-fa2d-40e1-bd29-aea13f3a2090", "shipping_address": null, "tenant": 3, "shipping_cost": 1000, "stripe_payment_intent_id": null, "paid": false, "created_at": "2025-09-17T07:04:18.266Z", "status": "pending", "total_amount": 7997}}, {"model": "orders.order", "pk": 21, "fields": {"user": null, "email": "test@test.com", "order_code": "71ee2b8f-cc6a-4e40-aa7b-31e7ba8ac4e9", "shipping_address": null, "tenant": 3, "shipping_cost": 1000, "stripe_payment_intent_id": null, "paid": false, "created_at": "2025-09-17T07:09:36.952Z", "status": "pending", "total_amount": 2999}}, {"model": "orders.order", "pk": 22, "fields": {"user": null, "email": "test@test.com", "order_code": "6447d5ff-2721-458a-afac-bf4d31002f76", "shipping_address": null, "tenant": 3, "shipping_cost": 1000, "stripe_payment_intent_id": null, "paid": false, "created_at": "2025-09-17T07:37:02.419Z", "status": "pending", "total_amount": 2999}}, {"model": "orders.order", "pk": 23, "fields": {"user": null, "email": "test@test.com", "order_code": "51b67121-4286-4af3-a040-3cb7fbf616d1", "shipping_address": null, "tenant": 3, "shipping_cost": 1000, "stripe_payment_intent_id": null, "paid": false, "created_at": "2025-09-17T07:40:00.129Z", "status": "pending", "total_amount": 2999}}, {"model": "orders.order", "pk": 24, "fields": {"user": null, "email": "test@test.com", "order_code": "917d8267-6be4-4691-9852-1150d947331f", "shipping_address": null, "tenant": 3, "shipping_cost": 1000, "stripe_payment_intent_id": null, "paid": false, "created_at": "2025-09-17T07:51:34.955Z", "status": "pending", "total_amount": 2999}}, {"model": "orders.order", "pk": 25, "fields": {"user": null, "email": "test@test.com", "order_code": "0fc3d309-d801-4e43-8c08-f5c7971ba724", "shipping_address": null, "tenant": 3, "shipping_cost": 1000, "stripe_payment_intent_id": null, "paid": false, "created_at": "2025-09-17T07:55:27.333Z", "status": "pending", "total_amount": 1499}}, {"model": "orders.order", "pk": 26, "fields": {"user": null, "email": "test@test.com", "order_code": "4183fd67-6fb8-4df9-9e3d-1b2cca5fa5fe", "shipping_address": null, "tenant": 3, "shipping_cost": 1000, "stripe_payment_intent_id": null, "paid": false, "created_at": "2025-09-17T07:59:50.337Z", "status": "pending", "total_amount": 1499}}, {"model": "orders.order", "pk": 27, "fields": {"user": null, "email": "test@test.com", "order_code": "66729f21-250d-4048-b931-f4a69ac9f1e9", "shipping_address": null, "tenant": 3, "shipping_cost": 1000, "stripe_payment_intent_id": null, "paid": false, "created_at": "2025-09-17T08:02:31.475Z", "status": "pending", "total_amount": 1499}}, {"model": "orders.order", "pk": 28, "fields": {"user": null, "email": "test@test.com", "order_code": "06ca5a21-25be-48d2-873a-5aaaaa5aff15", "shipping_address": null, "tenant": 3, "shipping_cost": 1000, "stripe_payment_intent_id": null, "paid": false, "created_at": "2025-09-17T16:22:13.439Z", "status": "pending", "total_amount": 1499}}, {"model": "orders.order", "pk": 29, "fields": {"user": null, "email": "test@test.com", "order_code": "3f478322-8843-4757-a6a8-ccea2a569609", "shipping_address": null, "tenant": 3, "shipping_cost": 1000, "stripe_payment_intent_id": null, "paid": false, "created_at": "2025-09-17T16:34:48.526Z", "status": "pending", "total_amount": 1499}}, {"model": "orders.order", "pk": 30, "fields": {"user": null, "email": "test@test.com", "order_code": "801962d4-92ef-4fa3-98ce-e3780e4b6698", "shipping_address": null, "tenant": 3, "shipping_cost": 1000, "stripe_payment_intent_id": null, "paid": false, "created_at": "2025-09-17T16:41:33.744Z", "status": "pending", "total_amount": 1499}}, {"model": "orders.order", "pk": 31, "fields": {"user": null, "email": "test@test.com", "order_code": "a697797a-7198-405f-9def-ef715a1fe1c5", "shipping_address": null, "tenant": 3, "shipping_cost": 1000, "stripe_payment_intent_id": null, "paid": false, "created_at": "2025-09-17T22:16:57.778Z", "status": "pending", "total_amount": 4999}}, {"model": "orders.order", "pk": 32, "fields": {"user": null, "email": "test@test.com", "order_code": "3d92b6df-af9b-4c52-9fe6-bd2a51a712e8", "shipping_address": null, "tenant": 3, "shipping_cost": 1000, "stripe_payment_intent_id": null, "paid": false, "created_at": "2025-09-17T22:41:36.075Z", "status": "pending", "total_amount": 4999}}, {"model": "orders.order", "pk": 33, "fields": {"user": null, "email": "test@test.com", "order_code": "ce69b894-4c94-4e68-9cb4-c81b506b2992", "shipping_address": null, "tenant": 3, "shipping_cost": 1000, "stripe_payment_intent_id": null, "paid": false, "created_at": "2025-09-17T22:44:54.440Z", "status": "pending", "total_amount": 4999}}, {"model": "orders.order", "pk": 34, "fields": {"user": null, "email": "test@test.com", "order_code": "0c53aec2-b3de-4a13-91f2-14c194b0d3df", "shipping_address": null, "tenant": 3, "shipping_cost": 1000, "stripe_payment_intent_id": null, "paid": false, "created_at": "2025-09-17T23:03:00.715Z", "status": "pending", "total_amount": 2999}}, {"model": "orders.order", "pk": 35, "fields": {"user": null, "email": "test@test.com", "order_code": "310757a8-28a5-43b6-935c-12717710539f", "shipping_address": null, "tenant": 3, "shipping_cost": 1000, "stripe_payment_intent_id": null, "paid": false, "created_at": "2025-09-18T05:17:35.898Z", "status": "pending", "total_amount": 2999}}, {"model": "orders.order", "pk": 36, "fields": {"user": null, "email": "test@test.com", "order_code": "bc00b205-da82-40c9-8915-d5ed83338546", "shipping_address": null, "tenant": 2, "shipping_cost": 1000, "stripe_payment_intent_id": null, "paid": false, "created_at": "2025-10-28T07:13:09.804Z", "status": "pending", "total_amount": 111}}, {"model": "orders.order", "pk": 37, "fields": {"user": null, "email": "test@test.com", "order_code": "77ebf109-abb3-4d7e-a557-430891824a41", "shipping_address": null, "tenant": 3, "shipping_cost": 1000, "stripe_payment_intent_id": null, "paid": false, "created_at": "2025-10-28T16:46:27.909Z", "status": "pending", "total_amount": 1999}}, {"model": "orders.order", "pk": 38, "fields": {"user": null, "email": "test@test.com", "order_code": "f115b199-6522-4f84-97b5-608b4179dd0e", "shipping_address": null, "tenant": 3, "shipping_cost": 1000, "stripe_payment_intent_id": null, "paid": false, "created_at": "2025-12-14T16:27:25.657Z", "status": "pending", "total_amount": 1999}}, {"model": "orders.orderitem", "pk": 1, "fields": {"order": 1, "product": 12, "quantity": 1}}, {"model": "orders.orderitem", "pk": 2, "fields": {"order": 1, "product": 8, "quantity": 2}}, {"model": "orders.orderitem", "pk": 3, "fields": {"order": 1, "product": 6, "quantity": 2}}, {"model": "orders.orderitem", "pk": 4, "fields": {"order": 1, "product": 7, "quantity": 3}}, {"model": "orders.orderitem", "pk": 5, "fields": {"order": 2, "product": 6, "quantity": 1}}, {"model": "orders.orderitem", "pk": 6, "fields": {"order": 3, "product": 6, "quantity": 1}}, {"model": "orders.orderitem", "pk": 7, "fields": {"order": 4, "product": 6, "quantity": 1}}, {"model": "orders.orderitem", "pk": 8, "fields": {"order": 5, "product": 6, "quantity": 1}}, {"model": "orders.orderitem", "pk": 9, "fields": {"order": 6, "product": 6, "quantity": 1}}, {"model": "orders.orderitem", "pk": 10, "fields": {"order": 7, "product": 6, "quantity": 1}}, {"model": "orders.orderitem", "pk": 11, "fields": {"order": 8, "product": 6, "quantity": 1}}, {"model": "orders.orderitem", "pk": 12, "fields": {"order": 9, "product": 6, "quantity": 1}}, {"model": "orders.orderitem", "pk": 13, "fields": {"order": 9, "product": 8, "quantity": 1}}, {"model": "orders.orderitem", "pk": 14, "fields": {"order": 10, "product": 6, "quantity": 2}}, {"model": "orders.orderitem", "pk": 15, "fields": {"order": 10, "product": 8, "quantity": 1}}, {"model": "orders.orderitem", "pk": 16, "fields": {"order": 11, "product": 6, "quantity": 2}}, {"model": "orders.orderitem", "pk": 17, "fields": {"order": 11, "product": 8, "quantity": 1}}, {"model": "orders.orderitem", "pk": 18, "fields": {"order": 12, "product": 6, "quantity": 2}}, {"model": "orders.orderitem", "pk": 19, "fields": {"order": 12, "product": 8, "quantity": 1}}, {"model": "orders.orderitem", "pk": 20, "fields": {"order": 13, "product": 6, "quantity": 2}}, {"model": "orders.orderitem", "pk": 21, "fields": {"order": 13, "product": 8, "quantity": 1}}, {"model": "orders.orderitem", "pk": 22, "fields": {"order": 14, "product": 6, "quantity": 2}}, {"model": "orders.orderitem", "pk": 23, "fields": {"order": 14, "product": 8, "quantity": 1}}, {"model": "orders.orderitem", "pk": 24, "fields": {"order": 15, "product": 6, "quantity": 2}}, {"model": "orders.orderitem", "pk": 25, "fields": {"order": 15, "product": 8, "quantity": 1}}, {"model": "orders.orderitem", "pk": 26, "fields": {"order": 16, "product": 6, "quantity": 2}}, {"model": "orders.orderitem", "pk": 27, "fields": {"order": 16, "product": 8, "quantity": 1}}, {"model": "orders.orderitem", "pk": 28, "fields": {"order": 17, "product": 6, "quantity": 2}}, {"model": "orders.orderitem", "pk": 29, "fields": {"order": 17, "product": 8, "quantity": 1}}, {"model": "orders.orderitem", "pk": 30, "fields": {"order": 18, "product": 6, "quantity": 2}}, {"model": "orders.orderitem", "pk": 31, "fields": {"order": 18, "product": 8, "quantity": 1}}, {"model": "orders.orderitem", "pk": 32, "fields": {"order": 19, "product": 6, "quantity": 2}}, {"model": "orders.orderitem", "pk": 33, "fields": {"order": 19, "product": 8, "quantity": 1}}, {"model": "orders.orderitem", "pk": 34, "fields": {"order": 20, "product": 6, "quantity": 2}}, {"model": "orders.orderitem", "pk": 35, "fields": {"order": 20, "product": 8, "quantity": 1}}, {"model": "orders.orderitem", "pk": 36, "fields": {"order": 21, "product": 7, "quantity": 1}}, {"model": "orders.orderitem", "pk": 37, "fields": {"order": 22, "product": 7, "quantity": 1}}, {"model": "orders.orderitem", "pk": 38, "fields": {"order": 23, "product": 7, "quantity": 1}}, {"model": "orders.orderitem", "pk": 39, "fields": {"order": 24, "product": 7, "quantity": 1}}, {"model": "orders.orderitem", "pk": 40, "fields": {"order": 25, "product": 6, "quantity": 1}}, {"model": "orders.orderitem", "pk": 41, "fields": {"order": 26, "product": 6, "quantity": 1}}, {"model": "orders.orderitem", "pk": 42, "fields": {"order": 27, "product": 6, "quantity": 1}}, {"model": "orders.orderitem", "pk": 43, "fields": {"order": 28, "product": 6, "quantity": 1}}, {"model": "orders.orderitem", "pk": 44, "fields": {"order": 29, "product": 6, "quantity": 1}}, {"model": "orders.orderitem", "pk": 45, "fields": {"order": 30, "product": 6, "quantity": 1}}, {"model": "orders.orderitem", "pk": 46, "fields": {"order": 31, "product": 8, "quantity": 1}}, {"model": "orders.orderitem", "pk": 47, "fields": {"order": 32, "product": 8, "quantity": 1}}, {"model": "orders.orderitem", "pk": 48, "fields": {"order": 33, "product": 8, "quantity": 1}}, {"model": "orders.orderitem", "pk": 49, "fields": {"order": 34, "product": 7, "quantity": 1}}, {"model": "orders.orderitem", "pk": 50, "fields": {"order": 35, "product": 7, "quantity": 1}}, {"model": "orders.orderitem", "pk": 51, "fields": {"order": 36, "product": 3, "quantity": 1}}, {"model": "orders.orderitem", "pk": 52, "fields": {"order": 37, "product": 4, "quantity": 1}}, {"model": "orders.orderitem", "pk": 53, "fields": {"order": 38, "product": 4, "quantity": 1}}, {"model": "tenants.tenant", "pk": 1, "fields": {"slug": "demo", "name": "My Buisness", "owner": ["ameb8"], "stripe_account_id": null, "stripe_customer_id": "cus_T3myK5Oqq6S2PQ", "image": "image/upload/v1754958589/products/c0gxwazm1wenhacdm6j1.jpg", "color_primary": "#111111", "color_secondary": "#222222", "color_accent": "#777777", "email": "my_email@demo.example", "phone": "123-456-7890", "address": null, "domain": "demo", "is_active": true, "created_at": "2025-08-12T00:29:49.785Z", "updated_at": "2025-09-15T16:36:58.205Z"}}, {"model": "tenants.tenant", "pk": 2, "fields": {"slug": "test_slug", "name": "Test Buisness", "owner": ["test"], "stripe_account_id": "123", "stripe_customer_id": "cus_SxHiexNsF3mAVt", "image": "image/upload/v1754958749/products/rcrujgwvwx8wa9hxzcnh.png", "color_primary": "#75aadf", "color_secondary": "#8CECFD", "color_accent": "#FFFFFF", "email": "testmail@test.domain", "phone": "123-456-7890", "address": 1, "domain": "test_domain", "is_active": true, "created_at": "2025-08-12T00:32:29.832Z", "updated_at": "2025-08-29T07:54:58.075Z"}}, {"model": "tenants.tenant", "pk": 3, "fields": {"slug": "candle-co", "name": "Candle Co", "owner": ["ameb8"], "stripe_account_id": "acct_1S8TR98V1ub9qpV3", "stripe_customer_id": "cus_SvMzarGzrGh377", "image": "image/upload/v1755457279/products/tpzx5covw9vuyh4pqirn.png", "color_primary": "#f2ebdc", "color_secondary": "#faf6ef", "color_accent": "#345678", "email": "candleco@gmail.com", "phone": "123-456-7890", "address": "2", "domain": "candle-co", "is_active": true, "created_at": "2025-08-15T18:19:45.380Z", "updated_at": "2025-09-17T22:02:53.595Z"}}, {"model": "tenants.tenant", "pk": 4, "fields": {"slug": "cat-treats", "name": "Cat Treats", "owner": ["ameb8"], "stripe_account_id": "acct_1S8Oji6VhyH468Rt", "stripe_customer_id": "cus_SvPO4tWCdDAUlD", "image": "image/upload/v1755282070/products/u0xdl0ycnk9rdvfz871i.png", "color_primary": "#222222", "color_secondary": "#333333", "color_accent": "#444444", "email": "cattreats@outlook.com", "phone": "123-456-7890", "address": null, "domain": "cat-treats.com", "is_active": true, "created_at": "2025-08-15T18:21:11.085Z", "updated_at": "2025-09-17T17:01:45.103Z"}}, {"model": "tenants.tenant", "pk": 5, "fields": {"slug": "acme-corp", "name": "acme corp", "owner": ["ameb8"], "stripe_account_id": null, "stripe_customer_id": "cus_TK7HtWXtk8nMzy", "image": null, "color_primary": "#ffe9ce", "color_secondary": "#fbffba", "color_accent": "#ffffff", "email": "mail@mail.org", "phone": "111-111-1111", "address": null, "domain": "acme-corp", "is_active": true, "created_at": "2025-10-28T17:56:48.167Z", "updated_at": "2025-10-29T06:39:32.318Z"}}, {"model": "tenants.tenantadmin", "pk": 1, "fields": {"tenant": 2, "user": ["ameb8"]}}, {"model": "tenants.tenantadmin", "pk": 2, "fields": {"tenant": 5, "user": ["ameb8"]}}, {"model": "addresses.address", "pk": 1, "fields": {"street_address": "1", "apartment_address": "2", "city": "b", "state": "1", "postal_code": "1", "country": "AF"}}, {"model": "addresses.address", "pk": 2, "fields": {"street_address": "707 E 4th Ave", "apartment_address": "", "city": "Ellensburg", "state": "WA", "postal_code": "98926", "country": "US"}}, {"model": "addresses.address", "pk": 3, "fields": {"street_address": "707 E 4th Ave", "apartment_address": "", "city": "Ellensburg", "state": "WA", "postal_code": "98926", "country": "US"}}, {"model": "addresses.address", "pk": 4, "fields": {"street_address": "707 E 4th Ave", "apartment_address": "", "city": "Ellensburg", "state": "WA", "postal_code": "98926", "country": "US"}}, {"model": "page_design.pagedesign", "pk": 1, "fields": {"tenant": 2, "about_us_title": "About us", "about_us_body": "Test description. Test description. Test description. Test description. Test description. Test description. Test description. Test description. Test description. Test description.", "contact_num": "111-111-1111", "contact_mail": "test"}}, {"model": "page_design.designimage", "pk": 1, "fields": {"image": "image/upload/v1756143377/page-design/i2hi4mhfpok4cbofyp3g.jpg", "alt_text": "fence picture"}}, {"model": "page_design.designimage", "pk": 2, "fields": {"image": "image/upload/v1756143952/page-design/rkv7d5b0ahuoeqfk8da3.jpg", "alt_text": "logo"}}, {"model": "page_design.designimage", "pk": 3, "fields": {"image": "image/upload/v1756367352/page-design/t8edmmopmqrdpxtb8p1k.png", "alt_text": ""}}, {"model": "page_design.designimage", "pk": 4, "fields": {"image": "image/upload/v1756367353/page-design/dzjwxbjr2m8xu5fzwc7v.png", "alt_text": ""}}, {"model": "page_design.designimage", "pk": 5, "fields": {"image": "image/upload/v1756367475/page-design/ake6ens6jpbjit4o6pcy.png", "alt_text": ""}}, {"model": "page_design.designimage", "pk": 6, "fields": {"image": "image/upload/v1756367491/page-design/il6xzjxv6hxzsn5zvngd.png", "alt_text": ""}}, {"model": "page_design.designimage", "pk": 7, "fields": {"image": "image/upload/v1756370035/page-design/y6nmtrnvxyau7msdgaoe.png", "alt_text": ""}}, {"model": "page_design.designimage", "pk": 8, "fields": {"image": "image/upload/v1756370053/page-design/rmtopjtubamzxyoqnryb.png", "alt_text": ""}}, {"model": "page_design.designimage", "pk": 9, "fields": {"image": "image/upload/v1757979412/page-design/ya14aosmdwrqtxj2n5yj.png", "alt_text": ""}}, {"model": "page_design.designimage", "pk": 10, "fields": {"image": "image/upload/v1757979449/page-design/ddxpft5yzxwfxuzpnldb.png", "alt_text": ""}}, {"model": "page_design.designimage", "pk": 11, "fields": {"image": "image/upload/v1757979463/page-design/ry9jgsibh3dupp5ln9fx.png", "alt_text": ""}}, {"model": "page_design.imagelist", "pk": 1, "fields": {"name": "about"}}, {"model": "page_design.imagelist", "pk": 2, "fields": {"name": "contact"}}, {"model": "page_design.imageinlist", "pk": 1, "fields": {"order": 1, "tenant": 2, "image": 1, "image_list": 1}}, {"model": "page_design.imageinlist", "pk": 3, "fields": {"order": 0, "tenant": 2, "image": 3, "image_list": 1}}, {"model": "page_design.imageinlist", "pk": 7, "fields": {"order": 1, "tenant": 2, "image": 7, "image_list": 2}}, {"model": "page_design.imageinlist", "pk": 8, "fields": {"order": 0, "tenant": 2, "image": 8, "image_list": 2}}, {"model": "page_design.imageinlist", "pk": 9, "fields": {"order": 2, "tenant": 3, "image": 9, "image_list": 1}}, {"model": "page_design.imageinlist", "pk": 10, "fields": {"order": 0, "tenant": 3, "image": 10, "image_list": 2}}, {"model": "page_design.imageinlist", "pk": 11, "fields": {"order": 1, "tenant": 3, "image": 11, "image_list": 2}}, {"model": "payments.payment", "pk": 3, "fields": {"order": 27, "tenant": 3, "user": ["ameb8"], "stripe_payment_intent_id": null, "stripe_charge_id": null, "stripe_transfer_id": null, "amount": 1499, "currency": "usd", "status": "failed", "method": "", "created_at": "2025-09-17T08:02:41.109Z", "updated_at": "2025-09-17T08:02:41.657Z", "metadata": null}}, {"model": "payments.payment", "pk": 4, "fields": {"order": 27, "tenant": 3, "user": ["ameb8"], "stripe_payment_intent_id": null, "stripe_charge_id": null, "stripe_transfer_id": null, "amount": 1499, "currency": "usd", "status": "failed", "method": "", "created_at": "2025-09-17T08:02:41.116Z", "updated_at": "2025-09-17T08:02:41.650Z", "metadata": null}}, {"model": "payments.payment", "pk": 5, "fields": {"order": 28, "tenant": 3, "user": ["ameb8"], "stripe_payment_intent_id": null, "stripe_charge_id": null, "stripe_transfer_id": null, "amount": 1499, "currency": "usd", "status": "failed", "method": "", "created_at": "2025-09-17T16:22:16.053Z", "updated_at": "2025-09-17T16:22:16.300Z", "metadata": null}}, {"model": "payments.payment", "pk": 6, "fields": {"order": 28, "tenant": 3, "user": ["ameb8"], "stripe_payment_intent_id": null, "stripe_charge_id": null, "stripe_transfer_id": null, "amount": 1499, "currency": "usd", "status": "failed", "method": "", "created_at": "2025-09-17T16:22:16.060Z", "updated_at": "2025-09-17T16:22:16.299Z", "metadata": null}}, {"model": "payments.payment", "pk": 7, "fields": {"order": 29, "tenant": 3, "user": ["ameb8"], "stripe_payment_intent_id": null, "stripe_charge_id": null, "stripe_transfer_id": null, "amount": 1499, "currency": "usd", "status": "failed", "method": "", "created_at": "2025-09-17T16:34:51.778Z", "updated_at": "2025-09-17T16:34:52.116Z", "metadata": null}}, {"model": "payments.payment", "pk": 8, "fields": {"order": 29, "tenant": 3, "user": ["ameb8"], "stripe_payment_intent_id": null, "stripe_charge_id": null, "stripe_transfer_id": null, "amount": 1499, "currency": "usd", "status": "failed", "method": "", "created_at": "2025-09-17T16:34:51.782Z", "updated_at": "2025-09-17T16:34:52.119Z", "metadata": null}}, {"model": "payments.payment", "pk": 9, "fields": {"order": 30, "tenant": 3, "user": ["ameb8"], "stripe_payment_intent_id": null, "stripe_charge_id": null, "stripe_transfer_id": null, "amount": 1499, "currency": "usd", "status": "failed", "method": "", "created_at": "2025-09-17T16:41:38.687Z", "updated_at": "2025-09-17T16:41:38.928Z", "metadata": null}}, {"model": "payments.payment", "pk": 10, "fields": {"order": 30, "tenant": 3, "user": ["ameb8"], "stripe_payment_intent_id": null, "stripe_charge_id": null, "stripe_transfer_id": null, "amount": 1499, "currency": "usd", "status": "failed", "method": "", "created_at": "2025-09-17T16:41:38.695Z", "updated_at": "2025-09-17T16:41:38.939Z", "metadata": null}}, {"model": "payments.payment", "pk": 11, "fields": {"order": 31, "tenant": 3, "user": ["Alexmeb81@outlook.com"], "stripe_payment_intent_id": "pi_3S8Tew4gz0rAkvJH16QMuclm", "stripe_charge_id": null, "stripe_transfer_id": null, "amount": 4999, "currency": "usd", "status": "pending", "method": "", "created_at": "2025-09-17T22:17:06.105Z", "updated_at": "2025-09-17T22:17:06.500Z", "metadata": null}}, {"model": "payments.payment", "pk": 12, "fields": {"order": 31, "tenant": 3, "user": ["Alexmeb81@outlook.com"], "stripe_payment_intent_id": "pi_3S8Tew4gz0rAkvJH1IHdK2sp", "stripe_charge_id": null, "stripe_transfer_id": null, "amount": 4999, "currency": "usd", "status": "pending", "method": "", "created_at": "2025-09-17T22:17:06.110Z", "updated_at": "2025-09-17T22:17:06.476Z", "metadata": null}}, {"model": "payments.payment", "pk": 13, "fields": {"order": 32, "tenant": 3, "user": ["Alexmeb81@outlook.com"], "stripe_payment_intent_id": "pi_3S8U2i4gz0rAkvJH00K3VFOS", "stripe_charge_id": null, "stripe_transfer_id": null, "amount": 4999, "currency": "usd", "status": "pending", "method": "", "created_at": "2025-09-17T22:41:39.973Z", "updated_at": "2025-09-17T22:41:40.305Z", "metadata": null}}, {"model": "payments.payment", "pk": 14, "fields": {"order": 32, "tenant": 3, "user": ["Alexmeb81@outlook.com"], "stripe_payment_intent_id": "pi_3S8U2i4gz0rAkvJH1i7X5dE6", "stripe_charge_id": null, "stripe_transfer_id": null, "amount": 4999, "currency": "usd", "status": "pending", "method": "", "created_at": "2025-09-17T22:41:39.974Z", "updated_at": "2025-09-17T22:41:40.300Z", "metadata": null}}, {"model": "payments.payment", "pk": 15, "fields": {"order": 33, "tenant": 3, "user": ["Alexmeb81@outlook.com"], "stripe_payment_intent_id": "pi_3S8U6E4gz0rAkvJH0AhefPhX", "stripe_charge_id": null, "stripe_transfer_id": null, "amount": 4999, "currency": "usd", "status": "pending", "method": "", "created_at": "2025-09-17T22:45:18.060Z", "updated_at": "2025-09-17T22:45:18.472Z", "metadata": null}}, {"model": "payments.payment", "pk": 16, "fields": {"order": 33, "tenant": 3, "user": ["Alexmeb81@outlook.com"], "stripe_payment_intent_id": "pi_3S8U6E4gz0rAkvJH11vvFbyK", "stripe_charge_id": null, "stripe_transfer_id": null, "amount": 4999, "currency": "usd", "status": "pending", "method": "", "created_at": "2025-09-17T22:45:18.066Z", "updated_at": "2025-09-17T22:45:18.458Z", "metadata": null}}, {"model": "payments.payment", "pk": 17, "fields": {"order": 34, "tenant": 3, "user": ["Alexmeb81@outlook.com"], "stripe_payment_intent_id": "pi_3S8UNS4gz0rAkvJH0crIACUP", "stripe_charge_id": null, "stripe_transfer_id": null, "amount": 2999, "currency": "usd", "status": "pending", "method": "", "created_at": "2025-09-17T23:03:06.252Z", "updated_at": "2025-09-17T23:03:06.710Z", "metadata": null}}, {"model": "payments.payment", "pk": 18, "fields": {"order": 34, "tenant": 3, "user": ["Alexmeb81@outlook.com"], "stripe_payment_intent_id": "pi_3S8UNS4gz0rAkvJH1yXyTp2T", "stripe_charge_id": null, "stripe_transfer_id": null, "amount": 2999, "currency": "usd", "status": "pending", "method": "", "created_at": "2025-09-17T23:03:06.262Z", "updated_at": "2025-09-17T23:03:06.732Z", "metadata": null}}, {"model": "payments.payment", "pk": 19, "fields": {"order": 35, "tenant": 3, "user": ["Alexmeb81@outlook.com"], "stripe_payment_intent_id": "pi_3S8aE24gz0rAkvJH0MhXzmP9", "stripe_charge_id": null, "stripe_transfer_id": null, "amount": 2999, "currency": "usd", "status": "pending", "method": "", "created_at": "2025-09-18T05:17:45.481Z", "updated_at": "2025-09-18T05:17:45.961Z", "metadata": null}}, {"model": "payments.payment", "pk": 20, "fields": {"order": 35, "tenant": 3, "user": ["Alexmeb81@outlook.com"], "stripe_payment_intent_id": "pi_3S8aE24gz0rAkvJH1MZTb1ED", "stripe_charge_id": null, "stripe_transfer_id": null, "amount": 2999, "currency": "usd", "status": "pending", "method": "", "created_at": "2025-09-18T05:17:45.488Z", "updated_at": "2025-09-18T05:17:45.963Z", "metadata": null}}, {"model": "payments.payment", "pk": 21, "fields": {"order": 35, "tenant": 3, "user": ["ameb8"], "stripe_payment_intent_id": "pi_3S8aI74gz0rAkvJH0cRz77xc", "stripe_charge_id": null, "stripe_transfer_id": null, "amount": 2999, "currency": "usd", "status": "pending", "method": "", "created_at": "2025-09-18T05:21:59.183Z", "updated_at": "2025-09-18T05:21:59.557Z", "metadata": null}}, {"model": "payments.payment", "pk": 22, "fields": {"order": 35, "tenant": 3, "user": ["ameb8"], "stripe_payment_intent_id": "pi_3S8aI74gz0rAkvJH0KNSFxh4", "stripe_charge_id": null, "stripe_transfer_id": null, "amount": 2999, "currency": "usd", "status": "pending", "method": "", "created_at": "2025-09-18T05:21:59.214Z", "updated_at": "2025-09-18T05:21:59.549Z", "metadata": null}}, {"model": "payments.payment", "pk": 23, "fields": {"order": 36, "tenant": 2, "user": ["Alexmeb81@outlook.com"], "stripe_payment_intent_id": null, "stripe_charge_id": null, "stripe_transfer_id": null, "amount": 111, "currency": "usd", "status": "failed", "method": "", "created_at": "2025-10-28T07:13:16.675Z", "updated_at": "2025-10-28T07:13:17.175Z", "metadata": null}}, {"model": "payments.payment", "pk": 24, "fields": {"order": 36, "tenant": 2, "user": ["Alexmeb81@outlook.com"], "stripe_payment_intent_id": null, "stripe_charge_id": null, "stripe_transfer_id": null, "amount": 111, "currency": "usd", "status": "failed", "method": "", "created_at": "2025-10-28T07:13:16.681Z", "updated_at": "2025-10-28T07:13:17.109Z", "metadata": null}}, {"model": "payments.payment", "pk": 25, "fields": {"order": 36, "tenant": 2, "user": ["ameb8"], "stripe_payment_intent_id": null, "stripe_charge_id": null, "stripe_transfer_id": null, "amount": 111, "currency": "usd", "status": "failed", "method": "", "created_at": "2025-10-28T07:25:00.924Z", "updated_at": "2025-10-28T07:25:01.201Z", "metadata": null}}, {"model": "payments.payment", "pk": 26, "fields": {"order": 37, "tenant": 3, "user": ["ameb8"], "stripe_payment_intent_id": null, "stripe_charge_id": null, "stripe_transfer_id": null, "amount": 1999, "currency": "usd", "status": "failed", "method": "", "created_at": "2025-10-28T16:46:38.833Z", "updated_at": "2025-10-28T16:46:39.192Z", "metadata": null}}, {"model": "payments.payment", "pk": 27, "fields": {"order": 37, "tenant": 3, "user": ["ameb8"], "stripe_payment_intent_id": null, "stripe_charge_id": null, "stripe_transfer_id": null, "amount": 1999, "currency": "usd", "status": "failed", "method": "", "created_at": "2025-10-28T16:46:38.849Z", "updated_at": "2025-10-28T16:46:39.198Z", "metadata": null}}, {"model": "payments.payment", "pk": 28, "fields": {"order": 38, "tenant": 3, "user": ["ameb8"], "stripe_payment_intent_id": null, "stripe_charge_id": null, "stripe_transfer_id": null, "amount": 1999, "currency": "usd", "status": "failed", "method": "", "created_at": "2025-12-14T16:27:28.844Z", "updated_at": "2025-12-14T16:27:29.191Z", "metadata": null}}, {"model": "payments.payment", "pk": 29, "fields": {"order": 38, "tenant": 3, "user": ["ameb8"], "stripe_payment_intent_id": null, "stripe_charge_id": null, "stripe_transfer_id": null, "amount": 1999, "currency": "usd", "status": "failed", "method": "", "created_at": "2025-12-14T16:27:28.847Z", "updated_at": "2025-12-14T16:27:29.192Z", "metadata": null}}, {"model": "subscriptions.subscriptionplan", "pk": 1, "fields": {"name": "Free", "stripe_price_id": "price_1RzNe0G8Pat8lUvzi7wDTPkA", "description": "Free Subscription", "active": true}}, {"model": "subscriptions.subscriptionplan", "pk": 2, "fields": {"name": "Basic", "stripe_price_id": "price_1Rz20BG8Pat8lUvz3EpJGMGC", "description": "Basic paid membership", "active": true}}, {"model": "subscriptions.subscription", "pk": 2, "fields": {"tenant": 2, "stripe_customer_id": "123", "stripe_subscription_id": "111", "plan": 1, "current_period_end": "2025-08-27T08:45:57Z", "status": "active"}}, {"model": "subscriptions.subscription", "pk": 6, "fields": {"tenant": 4, "stripe_customer_id": "123", "stripe_subscription_id": "123", "plan": 1, "current_period_end": "2025-08-28T20:46:06Z", "status": "active"}}, {"model": "subscriptions.subscription", "pk": 7, "fields": {"tenant": 2, "stripe_customer_id": "1", "stripe_subscription_id": "1", "plan": null, "current_period_end": "2025-08-29T07:38:09Z", "status": "active"}}, {"model": "subscriptions.subscription", "pk": 8, "fields": {"tenant": 3, "stripe_customer_id": "", "stripe_subscription_id": "sub_1S1BLXG8Pat8lUvzPCd66pdQ", "plan": null, "current_period_end": "2025-09-28T19:18:54Z", "status": "active"}}, {"model": "subscriptions.subscription", "pk": 9, "fields": {"tenant": 2, "stripe_customer_id": "", "stripe_subscription_id": "sub_1S1N9eG8Pat8lUvzdziBTax6", "plan": 1, "current_period_end": "2026-08-29T07:55:24Z", "status": "active"}}, {"model": "subscriptions.subscription", "pk": 10, "fields": {"tenant": 4, "stripe_customer_id": "1", "stripe_subscription_id": "1", "plan": null, "current_period_end": "2025-10-10T21:28:43Z", "status": "active"}}, {"model": "subscriptions.subscription", "pk": 12, "fields": {"tenant": 3, "stripe_customer_id": "", "stripe_subscription_id": "sub_1SNFwrG8Pat8lUvzonaTQwjz", "plan": 2, "current_period_end": "2025-11-28T16:40:39Z", "status": "active"}}, {"model": "subscriptions.subscription", "pk": 13, "fields": {"tenant": 5, "stripe_customer_id": "", "stripe_subscription_id": "sub_1SNT34G8Pat8lUvzOtHHG9SQ", "plan": 1, "current_period_end": "2026-10-29T06:39:57Z", "status": "active"}}, {"model": "subscriptions.subscription", "pk": 14, "fields": {"tenant": 3, "stripe_customer_id": "", "stripe_subscription_id": "sub_1SdQycG8Pat8lUvz2UiCfEUx", "plan": 1, "current_period_end": "2026-12-12T07:41:20Z", "status": "active"}}, {"model": "admin.logentry", "pk": 1, "fields": {"action_time": "2025-08-12T00:29:49.788Z", "user": ["ameb8"], "content_type": ["tenants", "tenant"], "object_id": "1", "object_repr": "My Buisness", "action_flag": 1, "change_message": "[{\"added\": {}}]"}}, {"model": "admin.logentry", "pk": 2, "fields": {"action_time": "2025-08-12T00:30:34.778Z", "user": ["ameb8"], "content_type": ["auth", "user"], "object_id": "2", "object_repr": "test", "action_flag": 1, "change_message": "[{\"added\": {}}]"}}, {"model": "admin.logentry", "pk": 3, "fields": {"action_time": "2025-08-12T00:32:29.835Z", "user": ["ameb8"], "content_type": ["tenants", "tenant"], "object_id": "2", "object_repr": "Test Buisness", "action_flag": 1, "change_message": "[{\"added\": {}}]"}}, {"model": "admin.logentry", "pk": 4, "fields": {"action_time": "2025-08-12T00:33:45.474Z", "user": ["ameb8"], "content_type": ["tenants", "tenantadmin"], "object_id": "1", "object_repr": "ameb8 - Test Buisness", "action_flag": 1, "change_message": "[{\"added\": {}}]"}}, {"model": "admin.logentry", "pk": 5, "fields": {"action_time": "2025-08-12T03:22:54.289Z", "user": ["ameb8"], "content_type": ["products", "product"], "object_id": "1", "object_repr": "Test", "action_flag": 1, "change_message": "[{\"added\": {}}]"}}, {"model": "admin.logentry", "pk": 6, "fields": {"action_time": "2025-08-15T18:19:45.386Z", "user": ["ameb8"], "content_type": ["tenants", "tenant"], "object_id": "3", "object_repr": "Candle Co", "action_flag": 1, "change_message": "[{\"added\": {}}]"}}, {"model": "admin.logentry", "pk": 7, "fields": {"action_time": "2025-08-15T18:21:11.086Z", "user": ["ameb8"], "content_type": ["tenants", "tenant"], "object_id": "4", "object_repr": "Cat Treats", "action_flag": 1, "change_message": "[{\"added\": {}}]"}}, {"model": "admin.logentry", "pk": 8, "fields": {"action_time": "2025-08-16T08:45:31.334Z", "user": ["ameb8"], "content_type": ["subscriptions", "subscriptionplan"], "object_id": "1", "object_repr": "Free", "action_flag": 1, "change_message": "[{\"added\": {}}]"}}, {"model": "admin.logentry", "pk": 9, "fields": {"action_time": "2025-08-16T08:46:45.110Z", "user": ["ameb8"], "content_type": ["subscriptions", "subscription"], "object_id": "2", "object_repr": "Test Buisness's subscription", "action_flag": 1, "change_message": "[{\"added\": {}}]"}}, {"model": "admin.logentry", "pk": 10, "fields": {"action_time": "2025-08-17T09:14:47.731Z", "user": ["ameb8"], "content_type": ["tenants", "tenant"], "object_id": "2", "object_repr": "Test Buisness", "action_flag": 2, "change_message": "[{\"changed\": {\"fields\": [\"Color primary\", \"Color secondary\", \"Color accent\"]}}]"}}, {"model": "admin.logentry", "pk": 11, "fields": {"action_time": "2025-08-17T17:27:37.997Z", "user": ["ameb8"], "content_type": ["tenants", "tenant"], "object_id": "2", "object_repr": "Test Buisness", "action_flag": 2, "change_message": "[{\"changed\": {\"fields\": [\"Color primary\"]}}]"}}, {"model": "admin.logentry", "pk": 12, "fields": {"action_time": "2025-08-17T17:28:22.285Z", "user": ["ameb8"], "content_type": ["tenants", "tenant"], "object_id": "2", "object_repr": "Test Buisness", "action_flag": 2, "change_message": "[{\"changed\": {\"fields\": [\"Color primary\"]}}]"}}, {"model": "admin.logentry", "pk": 13, "fields": {"action_time": "2025-08-17T19:01:20.159Z", "user": ["ameb8"], "content_type": ["tenants", "tenant"], "object_id": "3", "object_repr": "Candle Co", "action_flag": 2, "change_message": "[{\"changed\": {\"fields\": [\"Image\", \"Color primary\", \"Color secondary\", \"Domain\"]}}]"}}, {"model": "admin.logentry", "pk": 14, "fields": {"action_time": "2025-08-17T19:02:05.469Z", "user": ["ameb8"], "content_type": ["subscriptions", "subscription"], "object_id": "3", "object_repr": "Candle Co's subscription", "action_flag": 1, "change_message": "[{\"added\": {}}]"}}, {"model": "admin.logentry", "pk": 15, "fields": {"action_time": "2025-08-17T19:02:45.301Z", "user": ["ameb8"], "content_type": ["tenants", "tenant"], "object_id": "3", "object_repr": "Candle Co", "action_flag": 2, "change_message": "[{\"changed\": {\"fields\": [\"Slug\"]}}]"}}, {"model": "admin.logentry", "pk": 16, "fields": {"action_time": "2025-08-17T19:03:28.385Z", "user": ["ameb8"], "content_type": ["tenants", "tenant"], "object_id": "3", "object_repr": "Candle Co", "action_flag": 2, "change_message": "[]"}}, {"model": "admin.logentry", "pk": 17, "fields": {"action_time": "2025-08-18T02:35:06.657Z", "user": ["ameb8"], "content_type": ["subscriptions", "subscription"], "object_id": "4", "object_repr": "My Buisness's subscription", "action_flag": 1, "change_message": "[{\"added\": {}}]"}}, {"model": "admin.logentry", "pk": 18, "fields": {"action_time": "2025-08-18T02:35:46.610Z", "user": ["ameb8"], "content_type": ["subscriptions", "subscription"], "object_id": "5", "object_repr": "Cat Treats's subscription", "action_flag": 1, "change_message": "[{\"added\": {}}]"}}, {"model": "admin.logentry", "pk": 19, "fields": {"action_time": "2025-08-20T07:54:02.369Z", "user": ["ameb8"], "content_type": ["tenants", "tenant"], "object_id": "3", "object_repr": "Candle Co", "action_flag": 2, "change_message": "[{\"changed\": {\"fields\": [\"Stripe account id\"]}}]"}}, {"model": "admin.logentry", "pk": 20, "fields": {"action_time": "2025-08-21T19:19:49.394Z", "user": ["ameb8"], "content_type": ["subscriptions", "subscriptionplan"], "object_id": "2", "object_repr": "Basic", "action_flag": 1, "change_message": "[{\"added\": {}}]"}}, {"model": "admin.logentry", "pk": 21, "fields": {"action_time": "2025-08-21T19:20:05.041Z", "user": ["ameb8"], "content_type": ["subscriptions", "subscriptionplan"], "object_id": "3", "object_repr": "Premium", "action_flag": 1, "change_message": "[{\"added\": {}}]"}}, {"model": "admin.logentry", "pk": 22, "fields": {"action_time": "2025-08-22T20:56:54.051Z", "user": ["ameb8"], "content_type": ["subscriptions", "subscriptionplan"], "object_id": "3", "object_repr": "Premium", "action_flag": 2, "change_message": "[{\"changed\": {\"fields\": [\"Stripe price id\"]}}]"}}, {"model": "admin.logentry", "pk": 23, "fields": {"action_time": "2025-08-23T03:30:19.051Z", "user": ["ameb8"], "content_type": ["subscriptions", "subscriptionplan"], "object_id": "3", "object_repr": "Premium", "action_flag": 2, "change_message": "[{\"changed\": {\"fields\": [\"Stripe price id\"]}}]"}}, {"model": "admin.logentry", "pk": 24, "fields": {"action_time": "2025-08-23T03:41:00.590Z", "user": ["ameb8"], "content_type": ["subscriptions", "subscriptionplan"], "object_id": "2", "object_repr": "Basic", "action_flag": 2, "change_message": "[{\"changed\": {\"fields\": [\"Stripe price id\"]}}]"}}, {"model": "admin.logentry", "pk": 25, "fields": {"action_time": "2025-08-23T03:46:02.592Z", "user": ["ameb8"], "content_type": ["subscriptions", "subscriptionplan"], "object_id": "1", "object_repr": "Free", "action_flag": 2, "change_message": "[{\"changed\": {\"fields\": [\"Stripe price id\"]}}]"}}, {"model": "admin.logentry", "pk": 26, "fields": {"action_time": "2025-08-23T20:00:50.185Z", "user": ["ameb8"], "content_type": ["subscriptions", "subscriptionplan"], "object_id": "3", "object_repr": "Premium", "action_flag": 2, "change_message": "[{\"changed\": {\"fields\": [\"Stripe price id\"]}}]"}}, {"model": "admin.logentry", "pk": 27, "fields": {"action_time": "2025-08-23T20:02:03.410Z", "user": ["ameb8"], "content_type": ["subscriptions", "subscriptionplan"], "object_id": "2", "object_repr": "Basic", "action_flag": 2, "change_message": "[{\"changed\": {\"fields\": [\"Stripe price id\"]}}]"}}, {"model": "admin.logentry", "pk": 28, "fields": {"action_time": "2025-08-23T20:02:53.014Z", "user": ["ameb8"], "content_type": ["subscriptions", "subscriptionplan"], "object_id": "1", "object_repr": "Free", "action_flag": 2, "change_message": "[{\"changed\": {\"fields\": [\"Stripe price id\"]}}]"}}, {"model": "admin.logentry", "pk": 29, "fields": {"action_time": "2025-08-24T07:42:07.661Z", "user": ["ameb8"], "content_type": ["subscriptions", "subscription"], "object_id": "5", "object_repr": "Cat Treats's subscription", "action_flag": 3, "change_message": ""}}, {"model": "admin.logentry", "pk": 30, "fields": {"action_time": "2025-08-24T07:52:09.842Z", "user": ["ameb8"], "content_type": ["subscriptions", "subscription"], "object_id": "3", "object_repr": "Candle Co's subscription", "action_flag": 3, "change_message": ""}}, {"model": "admin.logentry", "pk": 31, "fields": {"action_time": "2025-08-25T17:35:33.947Z", "user": ["ameb8"], "content_type": ["page_design", "imagelist"], "object_id": "1", "object_repr": "ImageList object (1)", "action_flag": 1, "change_message": "[{\"added\": {}}]"}}, {"model": "admin.logentry", "pk": 32, "fields": {"action_time": "2025-08-25T17:35:38.225Z", "user": ["ameb8"], "content_type": ["page_design", "imagelist"], "object_id": "2", "object_repr": "ImageList object (2)", "action_flag": 1, "change_message": "[{\"added\": {}}]"}}, {"model": "admin.logentry", "pk": 33, "fields": {"action_time": "2025-08-25T17:36:18.057Z", "user": ["ameb8"], "content_type": ["page_design", "designimage"], "object_id": "1", "object_repr": "DesignImage object (1)", "action_flag": 1, "change_message": "[{\"added\": {}}]"}}, {"model": "admin.logentry", "pk": 34, "fields": {"action_time": "2025-08-25T17:37:25.184Z", "user": ["ameb8"], "content_type": ["page_design", "imageinlist"], "object_id": "1", "object_repr": "ImageInList object (1)", "action_flag": 1, "change_message": "[{\"added\": {}}]"}}, {"model": "admin.logentry", "pk": 35, "fields": {"action_time": "2025-08-25T17:38:54.424Z", "user": ["ameb8"], "content_type": ["page_design", "pagedesign"], "object_id": "1", "object_repr": "PageDesign object (1)", "action_flag": 1, "change_message": "[{\"added\": {}}]"}}, {"model": "admin.logentry", "pk": 36, "fields": {"action_time": "2025-08-25T17:45:09.935Z", "user": ["ameb8"], "content_type": ["page_design", "pagedesign"], "object_id": "1", "object_repr": "PageDesign object (1)", "action_flag": 2, "change_message": "[]"}}, {"model": "admin.logentry", "pk": 37, "fields": {"action_time": "2025-08-25T17:45:52.495Z", "user": ["ameb8"], "content_type": ["page_design", "designimage"], "object_id": "2", "object_repr": "DesignImage object (2)", "action_flag": 1, "change_message": "[{\"added\": {}}]"}}, {"model": "admin.logentry", "pk": 38, "fields": {"action_time": "2025-08-25T17:46:17.925Z", "user": ["ameb8"], "content_type": ["page_design", "imageinlist"], "object_id": "2", "object_repr": "ImageInList object (2)", "action_flag": 1, "change_message": "[{\"added\": {}}]"}}, {"model": "admin.logentry", "pk": 39, "fields": {"action_time": "2025-08-25T20:46:10.727Z", "user": ["ameb8"], "content_type": ["subscriptions", "subscription"], "object_id": "6", "object_repr": "Cat Treats's subscription", "action_flag": 1, "change_message": "[{\"added\": {}}]"}}, {"model": "admin.logentry", "pk": 40, "fields": {"action_time": "2025-08-28T07:38:13.632Z", "user": ["ameb8"], "content_type": ["subscriptions", "subscription"], "object_id": "7", "object_repr": "Test Buisness's subscription", "action_flag": 1, "change_message": "[{\"added\": {}}]"}}, {"model": "admin.logentry", "pk": 41, "fields": {"action_time": "2025-08-29T18:51:52.136Z", "user": ["ameb8"], "content_type": ["auth", "user"], "object_id": "3", "object_repr": "Alexmeb81@outlook.com", "action_flag": 3, "change_message": ""}}, {"model": "admin.logentry", "pk": 42, "fields": {"action_time": "2025-09-01T00:20:58.196Z", "user": ["ameb8"], "content_type": ["auth", "user"], "object_id": "5", "object_repr": "Alexmeb81@outlook.com", "action_flag": 2, "change_message": "[{\"changed\": {\"fields\": [\"First name\", \"Last name\"]}}]"}}, {"model": "admin.logentry", "pk": 43, "fields": {"action_time": "2025-09-01T07:27:35.953Z", "user": ["ameb8"], "content_type": ["addresses", "address"], "object_id": "1", "object_repr": "1, b", "action_flag": 1, "change_message": "[{\"added\": {}}]"}}, {"model": "admin.logentry", "pk": 44, "fields": {"action_time": "2025-09-01T07:30:13.636Z", "user": ["ameb8"], "content_type": ["accounts", "useraddress"], "object_id": "2", "object_repr": "ameb8  1, b", "action_flag": 1, "change_message": "[{\"added\": {}}]"}}, {"model": "admin.logentry", "pk": 45, "fields": {"action_time": "2025-09-02T00:33:00.865Z", "user": ["ameb8"], "content_type": ["auth", "user"], "object_id": "1", "object_repr": "ameb8", "action_flag": 2, "change_message": "[{\"changed\": {\"fields\": [\"Email address\"]}}]"}}, {"model": "admin.logentry", "pk": 46, "fields": {"action_time": "2025-09-05T07:13:57.769Z", "user": ["ameb8"], "content_type": ["orders", "order"], "object_id": "7", "object_repr": "Order object (7)", "action_flag": 2, "change_message": "[{\"changed\": {\"fields\": [\"Shipping address\"]}}]"}}, {"model": "admin.logentry", "pk": 47, "fields": {"action_time": "2025-09-05T07:29:06.853Z", "user": ["ameb8"], "content_type": ["tenants", "tenant"], "object_id": "3", "object_repr": "Candle Co", "action_flag": 2, "change_message": "[{\"changed\": {\"fields\": [\"Address\"]}}]"}}, {"model": "admin.logentry", "pk": 48, "fields": {"action_time": "2025-09-14T21:28:49.476Z", "user": ["ameb8"], "content_type": ["subscriptions", "subscription"], "object_id": "10", "object_repr": "Cat Treats's subscription", "action_flag": 1, "change_message": "[{\"added\": {}}]"}}, {"model": "admin.logentry", "pk": 49, "fields": {"action_time": "2025-09-14T21:29:28.555Z", "user": ["ameb8"], "content_type": ["subscriptions", "subscription"], "object_id": "11", "object_repr": "My Buisness's subscription", "action_flag": 1, "change_message": "[{\"added\": {}}]"}}, {"model": "admin.logentry", "pk": 50, "fields": {"action_time": "2025-09-15T16:34:05.339Z", "user": ["ameb8"], "content_type": ["tenants", "tenant"], "object_id": "1", "object_repr": "My Buisness", "action_flag": 2, "change_message": "[{\"changed\": {\"fields\": [\"Stripe account id\", \"Address\"]}}]"}}, {"model": "admin.logentry", "pk": 51, "fields": {"action_time": "2025-09-16T00:28:41.613Z", "user": ["ameb8"], "content_type": ["auth", "user"], "object_id": "1", "object_repr": "ameb8", "action_flag": 2, "change_message": "[{\"changed\": {\"fields\": [\"Email address\"]}}]"}}, {"model": "admin.logentry", "pk": 52, "fields": {"action_time": "2025-09-17T16:42:44.134Z", "user": ["ameb8"], "content_type": ["tenants", "tenant"], "object_id": "3", "object_repr": "Candle Co", "action_flag": 2, "change_message": "[{\"changed\": {\"fields\": [\"Stripe account id\"]}}]"}}, {"model": "admin.logentry", "pk": 53, "fields": {"action_time": "2025-09-17T17:01:35.816Z", "user": ["ameb8"], "content_type": ["tenants", "tenant"], "object_id": "4", "object_repr": "Cat Treats", "action_flag": 2, "change_message": "[{\"changed\": {\"fields\": [\"Stripe account id\", \"Address\"]}}]"}}, {"model": "admin.logentry", "pk": 54, "fields": {"action_time": "2025-09-17T21:52:38.621Z", "user": ["ameb8"], "content_type": ["tenants", "tenant"], "object_id": "3", "object_repr": "Candle Co", "action_flag": 2, "change_message": "[{\"changed\": {\"fields\": [\"Stripe account id\"]}}]"}}, {"model": "admin.logentry", "pk": 55, "fields": {"action_time": "2025-09-17T21:59:59.799Z", "user": ["ameb8"], "content_type": ["tenants", "tenant"], "object_id": "3", "object_repr": "Candle Co", "action_flag": 2, "change_message": "[{\"changed\": {\"fields\": [\"Stripe account id\"]}}]"}}, {"model": "admin.logentry", "pk": 56, "fields": {"action_time": "2025-09-18T05:21:45.336Z", "user": ["ameb8"], "content_type": ["subscriptions", "subscription"], "object_id": "11", "object_repr": "My Buisness's subscription", "action_flag": 3, "change_message": ""}}, {"model": "admin.logentry", "pk": 57, "fields": {"action_time": "2025-09-18T05:21:45.336Z", "user": ["ameb8"], "content_type": ["subscriptions", "subscription"], "object_id": "4", "object_repr": "My Buisness's subscription", "action_flag": 3, "change_message": ""}}, {"model": "admin.logentry", "pk": 58, "fields": {"action_time": "2025-09-18T05:30:20.329Z", "user": ["ameb8"], "content_type": ["subscriptions", "subscriptionplan"], "object_id": "3", "object_repr": "Premium", "action_flag": 3, "change_message": ""}}, {"model": "admin.logentry", "pk": 59, "fields": {"action_time": "2025-10-28T07:40:09.764Z", "user": ["ameb8"], "content_type": ["subscriptions", "subscriptionplan"], "object_id": "2", "object_repr": "Basic", "action_flag": 2, "change_message": "[{\"changed\": {\"fields\": [\"Stripe price id\"]}}]"}}]